[{"model": "excursion.route", "pk": 2, "fields": {"title": "\u0420\u0443\u043a\u0438 \u0431\u044b \u0438\u043c \u0432\u0441\u0435\u043c \u043e\u0442\u043e\u0440\u0432\u0430\u0442\u044c", "description": "\u0422\u0435\u043c\u0430 \u044d\u0442\u043e\u0433\u043e \u043c\u0430\u0440\u0448\u0440\u0443\u0442\u0430 \u2014 \u0442\u044d\u0433\u0438. \u0412\u0441\u043f\u043e\u043c\u043d\u0438\u043c \u0438\u0437\u0432\u0435\u0441\u0442\u043d\u0443\u044e \u0446\u0438\u0442\u0430\u0442\u0443\r\n\u0441 \u0440\u0430\u0431\u043e\u0442\u044b \u0443\u043b\u0438\u0447\u043d\u043e\u0433\u043e \u0445\u0443\u0434\u043e\u0436\u043d\u0438\u043a\u0430 \u041c\u0430\u043a\u0441\u0438\u043c\u0430 \u0418\u043c\u0430: \u00ab\u0413\u0440\u0430\u0444\u0444\u0438\u0442\u0438 \u2014 \u044d\u0442\u043e \u043a\u043e\u0433\u0434\u0430 \u043d\u0430\u0440\u0438\u0441\u043e\u0432\u0430\u043b\r\n\u0438 \u0442\u0432\u043e\u0438 \u043f\u0430\u0446\u0430\u043d\u044b \u043f\u043e\u043d\u044f\u043b\u0438. \u0421\u0442\u0440\u0438\u0442-\u0430\u0440\u0442 \u2014 \u044d\u0442\u043e \u043a\u043e\u0433\u0434\u0430 \u043d\u0430\u0440\u0438\u0441\u043e\u0432\u0430\u043b \u0438 \u0432\u0441\u0435 \u043b\u044e\u0434\u0438 \u043f\u043e\u043d\u044f\u043b\u0438,\r\n\u0430 \u0442\u0432\u043e\u0438 \u043f\u0430\u0446\u0430\u043d\u044b \u0432\u043e\u043e\u0431\u0449\u0435 \u043d\u0435 \u043f\u043e\u043d\u044f\u043b\u0438\u00bb.\r\n\u0420\u0435\u0447\u044c \u043f\u043e\u0439\u0434\u0451\u0442 \u043e \u0433\u0440\u0430\u0444\u0444\u0438\u0442\u0438, \u0442\u0435\u0433\u0430\u0445 \u0438 \u043e \u0442\u043e\u043c, \u043f\u043e\u0447\u0435\u043c\u0443 \u0438\u0445 \u0442\u0430\u043a \u043c\u043d\u043e\u0433\u043e \u0432 \u0433\u043e\u0440\u043e\u0434\u0435.\r\n\u0412\u043e \u0432\u0440\u0435\u043c\u044f \u043f\u0440\u043e\u0433\u0443\u043b\u043a\u0438 \u043c\u044b \u0440\u0430\u0437\u0431\u0435\u0440\u0451\u043c\u0441\u044f, \u043a\u0430\u043a\u0443\u044e \u0446\u0435\u043b\u044c \u043f\u0440\u0435\u0441\u043b\u0435\u0434\u0443\u044e\u0442 \u0433\u0440\u0430\u0444\u0444\u0438\u0442\u0438-\u0440\u0430\u0439\u0442\u0435\u0440\u044b,\r\n\u0438\u0437 \u0447\u0435\u0433\u043e \u0441\u043e\u0441\u0442\u043e\u044f\u0442 \u0438\u0437 \u0440\u0430\u0431\u043e\u0442\u044b, \u0438 \u043f\u043e\u0447\u0435\u043c\u0443 \u043b\u044e\u0434\u0438 \u0441\u0447\u0438\u0442\u0430\u044e\u0442 \u0438\u0445 \u0432\u0430\u043d\u0434\u0430\u043b\u0438\u0437\u043c\u043e\u043c.", "lyrics": "\u041c\u0430\u043a\u0441\u0438\u043c \u0418\u043c\u0430. \u201c\u0420\u0443\u043a\u0438 \u0431\u044b \u0438\u043c \u0432\u0441\u0435\u043c \u043e\u0442\u043e\u0440\u0432\u0430\u0442\u044c\u201d. \u0413\u0440\u0430\u0444\u0438\u043a\u0430. 2023", "route_map": "excursion/router_map/\u041c\u0430\u0440\u0448\u0440\u0443\u0442_1__\u0411\u043e\u0442.jpeg", "cover": "excursion/cover/1._\u041c\u0430\u043a\u0441\u0438\u043c_\u0418\u043c\u0430._\u0420\u0443\u043a\u0438_\u0431\u044b_\u0438\u043c_\u0432\u0441\u0435\u043c_\u043e\u0442\u043e\u0440\u0432\u0430\u0442\u044c.jpg", "where_start": "\u0425\u0443\u0434\u043e\u0436\u0435\u0441\u0442\u0432\u0435\u043d\u043d\u0430\u044f \u0433\u0430\u043b\u0435\u0440\u0435\u044f \u00ab\u0420\u043e\u0441\u0442\u043e\u0432\u00bb, \u043f\u0435\u0440. \u0421\u043e\u0431\u043e\u0440\u043d\u044b\u0439, 22\r\n\u0412\u043e\u0439\u0442\u0438 \u0432 \u0431\u0438\u0437\u043d\u0435\u0441-\u0446\u0435\u043d\u0442\u0440 \u00ab\u0421\u043e\u0431\u043e\u0440\u043d\u044b\u0439 22\u00bb, \u043f\u043e\u0434\u043d\u044f\u0442\u044c\u0441\u044f \u043d\u0430 \u0432\u0442\u043e\u0440\u043e\u0439 \u044d\u0442\u0430\u0436. \u041a\u043e\u0434 \u0434\u043b\u044f \u0432\u0445\u043e\u0434\u0430: 1357#", "question_end": "\u041a\u043e\u043c\u0430\u043d\u0434\u0430 \u0444\u0435\u0441\u0442\u0438\u0432\u0430\u043b\u044f \u00ab\u041d\u0438\u0447\u0435\u0433\u043e \u0441\u0442\u0440\u0430\u0448\u043d\u043e\u0433\u043e\u00bb \u0431\u0443\u0434\u0435\u0442\r\n\u0440\u0430\u0434\u0430 \u0432\u0430\u0448\u0435\u043c\u0443 \u043e\u0442\u043a\u043b\u0438\u043a\u0443\\! \u0414\u043b\u044f \u044d\u0442\u043e\u0433\u043e \u043c\u044b \u043f\u0440\u0438\u043a\u0440\u0435\u043f\u043b\u044f\u0435\u043c\r\n\u0437\u0434\u0435\u0441\u044c \u043d\u0435\u0431\u043e\u043b\u044c\u0448\u0443\u044e \u0444\u043e\u0440\u043c\u0443, \u0437\u0430\u043f\u043e\u043b\u043d\u0435\u043d\u0438\u0435 \u043a\u043e\u0442\u043e\u0440\u043e\u0439 \u0437\u0430\u0439\u043c\u0451\u0442\r\n\u043d\u0435 \u0431\u043e\u043b\u044c\u0448\u0435 \u043c\u0438\u043d\u0443\u0442\u044b\\.\r\n[\u043a\u043e\u0440\u043e\u0442\u043a\u0438\u0439 \u043e\u043f\u0440\u043e\u0441](https://forms.gle/jhQXUhXjZvnt9F997)\r\n\r\n<MarkdownV2>", "show": true}}, {"model": "excursion.route", "pk": 3, "fields": {"title": "\u041d\u0435 \u0441 \u043a\u0435\u043c \u0438\u0433\u0440\u0430\u0442\u044c. \u0418\u0433\u0440\u0430\u044e \u0441\u043e \u0441\u0442\u0435\u043d\u043e\u0439", "description": "\u0412 \u043f\u043e\u0441\u043b\u0435\u0434\u043d\u0435\u0435 \u0432\u0440\u0435\u043c\u044f \u0432 \u0420\u043e\u0441\u0442\u043e\u0432\u0435 \u043d\u0430\u0431\u0438\u0440\u0430\u0435\u0442 \u043e\u0431\u043e\u0440\u043e\u0442\u044b \u0438\u0441\u043a\u0443\u0441\u0441\u0442\u0432\u043e \u0443\u043b\u0438\u0447\u043d\u043e\u0439 \u0432\u043e\u043b\u043d\u044b.\r\n\u041a\u043e\u043d\u0435\u0447\u043d\u043e, \u043f\u043e\u0447\u0442\u0438 \u0432\u0435\u0441\u044c \u0433\u043e\u0434 \u2014 \u0442\u0435\u043f\u043b\u043e, \u0431\u044b\u0432\u0430\u044e \u0437\u0438\u043c\u044b \u0431\u0435\u0437 \u0441\u043d\u0435\u0433\u0430, \u0430 \u0441\u0438\u043d\u0438\u0445 \u0437\u0430\u0431\u043e\u0440\u043e\u0432\r\n\u0438 \u0442\u0440\u0430\u043d\u0441\u0444\u043e\u0440\u043c\u0430\u0442\u043e\u0440\u043d\u044b\u0445 \u0431\u0443\u0434\u043e\u043a \u2014 \u043f\u0440\u0443\u0434 \u043f\u0440\u0443\u0434\u0438. \u041d\u043e \u0432\u0430\u0436\u043d\u043e \u043f\u043e\u043c\u043d\u0438\u0442\u044c, \u0447\u0442\u043e \u043f\u043e\u043c\u0438\u043c\u043e\r\n\u0437\u0430\u043c\u0435\u0447\u0430\u0442\u0435\u043b\u044c\u043d\u044b\u0445 \u0444\u0435\u0441\u0442\u0438\u0432\u0430\u043b\u044c\u043d\u044b\u0445 \u0438\u043d\u0438\u0446\u0438\u0430\u0442\u0438\u0432, \u0441\u0442\u0440\u0438\u0442-\u0430\u0440\u0442 \u0440\u043e\u0436\u0434\u0430\u0435\u0442\u0441\u044f \u043f\u043e\u0434 \u043f\u043e\u043a\u0440\u043e\u0432\u043e\u043c\r\n\u043d\u043e\u0447\u0438 \u0438 \u0441\u043e\u0432\u0435\u0440\u0448\u0435\u043d\u043d\u043e \u043d\u0435\u0437\u0430\u043a\u043e\u043d\u043d\u044b\u043c \u043e\u0431\u0440\u0430\u0437\u043e\u043c\u2026 \u0411\u0430\u043b\u0430\u043d\u0441\u0438\u0440\u0443\u044f \u043d\u0430 \u043a\u0430\u0447\u0435\u043b\u044f\u0445 \u043c\u0435\u0436\u0434\u0443 \u0437\u0430\u043a\u043e\u043d\u043d\u044b\u043c\r\n\u0438 \u201c\u0442\u0440\u0443\u0448\u043d\u044b\u043c\u201d \u0443\u043b\u0438\u0447\u043d\u044b\u043c, \u043c\u044b \u0432\u0441\u043c\u043e\u0442\u0440\u0438\u043c\u0441\u044f \u0432 \u0442\u0435\u0445\u043d\u0438\u0447\u0435\u0441\u043a\u0438\u0435 \u0434\u0435\u0442\u0430\u043b\u0438 \u0440\u0430\u0431\u043e\u0442, \u0441\u043e\u0437\u0434\u0430\u043d\u043d\u044b\u0445\r\n\u0430\u0432\u0442\u043e\u0440\u0430\u043c\u0438 \u0437\u0430 \u043f\u043e\u0441\u043b\u0435\u0434\u043d\u0438\u0435 \u043d\u0435\u0441\u043a\u043e\u043b\u044c\u043a\u043e \u043b\u0435\u0442 \u0432 \u0420\u043e\u0441\u0442\u043e\u0432\u0435 \u0438 \u043f\u043e\u043f\u0430\u0434\u0451\u043c \u0432 \u043e\u0434\u043d\u043e \u0441\u0435\u043a\u0440\u0435\u0442\u043d\u043e\u0435,\r\n\u043d\u043e \u0438\u0437\u0432\u0435\u0441\u0442\u043d\u043e\u0435 \u0441\u0440\u0435\u0434\u0438 \u0433\u0440\u0430\u0444\u0444\u0438\u0442\u0447\u0438\u043a\u043e\u0432 \u043c\u0435\u0441\u0442\u043e!", "lyrics": "\u041c\u0430\u043a\u0441\u0438\u043c \u0418\u043c\u0430. \u201c\u041d\u0435 \u0441 \u043a\u0435\u043c \u0438\u0433\u0440\u0430\u0442\u044c. \u0418\u0433\u0440\u0430\u044e \u0441\u043e \u0441\u0442\u0435\u043d\u043a\u043e\u0439\u201d. \u0416\u0438\u0432\u043e\u043f\u0438\u0441\u044c, \u0445\u043e\u043b\u0441\u0442, \u0431\u0430\u043b\u043b\u043e\u043d\u0447\u0438\u043a, \u0441\u043b\u0435\u0434\u044b \u043e\u0442 \u0444\u0443\u0442\u0431\u043e\u043b\u044c\u043d\u043e\u0433\u043e \u043c\u044f\u0447\u0430. 2022", "route_map": "excursion/router_map/\u041c\u0430\u0440\u0448\u0440\u0443\u0442_2_.jpeg", "cover": "excursion/cover/2._\u041c\u0430\u043a\u0441\u0438\u043c_\u0418\u043c\u0430._\u041d\u0435_\u0441_\u043a\u0435\u043c_\u0438\u0433\u0440\u0430\u0442\u044c._\u0418\u0433\u0440\u0430\u044e_\u0441\u043e_\u0441\u0442\u0435\u043d\u043a\u043e\u0439.jpg", "where_start": "\u0443\u043b. \u0422\u0435\u043c\u0435\u0440\u043d\u0438\u0446\u043a\u0430\u044f, 50", "question_end": "\u041a\u043e\u043c\u0430\u043d\u0434\u0430 \u0444\u0435\u0441\u0442\u0438\u0432\u0430\u043b\u044f \u00ab\u041d\u0438\u0447\u0435\u0433\u043e \u0441\u0442\u0440\u0430\u0448\u043d\u043e\u0433\u043e\u00bb \u0431\u0443\u0434\u0435\u0442\r\n\u0440\u0430\u0434\u0430 \u0432\u0430\u0448\u0435\u043c\u0443 \u043e\u0442\u043a\u043b\u0438\u043a\u0443\\! \u0414\u043b\u044f \u044d\u0442\u043e\u0433\u043e \u043c\u044b \u043f\u0440\u0438\u043a\u0440\u0435\u043f\u043b\u044f\u0435\u043c\r\n\u0437\u0434\u0435\u0441\u044c \u043d\u0435\u0431\u043e\u043b\u044c\u0448\u0443\u044e \u0444\u043e\u0440\u043c\u0443, \u0437\u0430\u043f\u043e\u043b\u043d\u0435\u043d\u0438\u0435 \u043a\u043e\u0442\u043e\u0440\u043e\u0439 \u0437\u0430\u0439\u043c\u0451\u0442\r\n\u043d\u0435 \u0431\u043e\u043b\u044c\u0448\u0435 \u043c\u0438\u043d\u0443\u0442\u044b\\.\r\n[\u043a\u043e\u0440\u043e\u0442\u043a\u0438\u0439 \u043e\u043f\u0440\u043e\u0441](https://forms.gle/nbx3zXgdztXnqrA48)\r\n\r\n<MarkdownV2>", "show": true}}, {"model": "excursion.route", "pk": 4, "fields": {"title": "...\u043d\u043e \u0441\u043f\u0438|\u0421\u041c\u0418 \u0441\u043f\u043e\u043a\u043e\u0439\u043d\u043e", "description": "\u041c\u0430\u0440\u0448\u0440\u0443\u0442 \u043f\u043e\u0441\u0432\u044f\u0449\u0451\u043d \u0432\u043e\u043f\u0440\u043e\u0441\u0430\u043c \u0440\u0430\u0437\u0440\u0443\u0448\u0435\u043d\u0438\u044f \u0438 \u0441\u043e\u0445\u0440\u0430\u043d\u0435\u043d\u0438\u044f \u0438\u0441\u0442\u043e\u0440\u0438\u0447\u0435\u0441\u043a\u043e\u0439 \u043f\u0430\u043c\u044f\u0442\u0438.\r\n\u0412\u043c\u0435\u0441\u0442\u0435 \u0441 \u0443\u0447\u0430\u0441\u0442\u043d\u0438\u043a\u0430\u043c\u0438 \u043c\u0435\u0434\u0438\u0430\u0446\u0438\u0438 \u043f\u043e\u0433\u043e\u0432\u043e\u0440\u0438\u043c \u043e \u0442\u043e\u043c, \u043a\u0430\u043a \u0441 \u044d\u0441\u0442\u0435\u0442\u0438\u0447\u0435\u0441\u043a\u043e\u0439 \u0442\u043e\u0447\u043a\u0438\r\n\u0437\u0440\u0435\u043d\u0438\u044f \u043c\u043e\u0436\u043d\u043e \u0441\u043e\u0445\u0440\u0430\u043d\u0438\u0442\u044c \u0430\u0443\u0440\u0443 \u0434\u0430\u0436\u0435 \u0443 \u0440\u0443\u0438\u043d. \u041e \u0442\u043e\u043c, \u043a\u0430\u043a \u043d\u0435\u0438\u0437\u0431\u0435\u0436\u043d\u043e\r\n\u0438\u043b\u0438 \u043d\u0430\u043c\u0435\u0440\u0435\u043d\u043d\u043e \u0440\u0430\u0441\u0441\u044b\u043f\u0430\u0435\u0442\u0441\u044f \u0438\u0441\u0442\u043e\u0440\u0438\u0447\u0435\u0441\u043a\u0430\u044f \u043f\u0430\u043c\u044f\u0442\u044c \u0444\u0430\u0441\u0430\u0434\u043e\u0432 \u0421\u0442\u0430\u0440\u043e\u0433\u043e \u0420\u043e\u0441\u0442\u043e\u0432\u0435.\r\n\u041f\u043e\u0434\u043d\u0438\u043c\u0430\u044f\u0441\u044c \u043e\u0442 \u041f\u0430\u0440\u0430\u043c\u043e\u043d\u043e\u0432\u0441\u043a\u0438\u0445 \u0441\u043a\u043b\u0430\u0434\u043e\u0432 \u0438 \u043f\u0440\u043e\u0445\u043e\u0434\u044f \u044d\u043a\u043b\u0435\u043a\u0442\u0438\u0447\u043d\u0443\u044e \u043c\u0430\u043b\u043e\u044d\u0442\u0430\u0436\u043d\u0443\u044e\r\n\u0437\u0430\u0441\u0442\u0440\u043e\u0439\u043a\u0443, \u043f\u043e\u0441\u0435\u0442\u0438\u0442\u0435\u043b\u0438 \u043c\u0435\u0434\u0438\u0430\u0446\u0438\u0438 \u0443\u0432\u0438\u0434\u044f\u0442 \u043d\u0430\u0433\u043b\u044f\u0434\u043d\u043e\u0435 \u0438\u0437\u043c\u0435\u043d\u0435\u043d\u0438\u0435 \u0430\u0440\u0445\u0438\u0442\u0435\u043a\u0442\u0443\u0440\u043d\u044b\u0445\r\n\u0440\u0438\u0442\u043c\u043e\u0432, \u0438 \u0438\u0441\u0442\u043e\u0440\u0438\u044e \u0438\u0445 \u0443\u0433\u0430\u0441\u0430\u043d\u0438\u044f \u0441 \u0441\u043e\u0437\u0434\u0430\u043d\u043d\u044b\u043c\u0438 \u043f\u043e \u201c\u0433\u043e\u0440\u044f\u0447\u0438\u043c \u0441\u043b\u0435\u0434\u0430\u043c\u201d\r\n\u0440\u0430\u0431\u043e\u0442\u0430\u043c \u0443\u043b\u0438\u0447\u043d\u044b\u0445 \u0445\u0443\u0434\u043e\u0436\u043d\u0438\u043a\u043e\u0432.", "lyrics": "\u041c\u0430\u043a\u0441\u0438\u043c \u0418\u043c\u0430. \u201c...\u043d\u043e \u0441\u043f\u0438/\u0421\u041c\u0418 \u0441\u043f\u043e\u043a\u043e\u0439\u043d\u043e\u201d. \u0424\u043e\u0442\u043e\u0434\u043e\u043a\u0443\u043c\u0435\u043d\u0442\u0430\u0446\u0438\u044f \u0443\u043b\u0438\u0447\u043d\u043e\u0439 \u0440\u0430\u0431\u043e\u0442\u044b. 2020\r\n\r\n\u041c\u044b \u043d\u0435\u0441\u043b\u0443\u0447\u0430\u0439\u043d\u043e \u043e\u043a\u0430\u0437\u0430\u043b\u0438\u0441\u044c \u0441 \u0412\u0430\u043c\u0438 \u043d\u0430 \u0441\u043c\u043e\u0442\u0440\u043e\u0432\u043e\u0439 \u043f\u043b\u043e\u0449\u0430\u0434\u043a\u0435.\r\n\u0421 \u043d\u0435\u0451 \u0438 \u0432\u043f\u0440\u0430\u0432\u0434\u0443 \u043e\u0442\u043a\u0440\u044b\u0432\u0430\u0435\u0442\u0441\u044f \u0438\u043d\u0442\u0435\u0440\u0435\u0441\u043d\u044b\u0439 \u0432\u0438\u0434 \u043d\u0430 \u0433\u043e\u0440\u043e\u0434.\r\n\u0414\u0430\u0432\u0430\u0439\u0442\u0435 \u043d\u0430\u0447\u043d\u0451\u043c \u043d\u0430\u0448\u0443 \u043c\u0435\u0434\u0438\u0430\u0446\u0438\u044e \u0441 \u043d\u0435\u0431\u043e\u043b\u044c\u0448\u043e\u0439 \u043f\u0440\u0430\u043a\u0442\u0438\u043a\u0438 \u0438 \u043f\u043e\u043f\u0440\u043e\u0431\u0443\u0435\u043c \u0432 \u0442\u0435\u0447\u0435\u043d\u0438\u0435\r\n3-4 \u043c\u0438\u043d\u0443\u0442 \u0432\u0441\u043c\u043e\u0442\u0440\u0435\u0442\u044c\u0441\u044f \u0432 \u0432\u0438\u0434, \u043a\u043e\u0442\u043e\u0440\u044b\u0439 \u043e\u0442\u043a\u0440\u044b\u0432\u0430\u0435\u0442\u0441\u044f \u043d\u0430 \u041b\u0435\u0432\u044b\u0439 \u0431\u0435\u0440\u0435\u0433,\r\n\u043e\u0441\u043c\u043e\u0442\u0440\u0435\u0442\u044c \u043e\u0441\u043e\u0431\u0435\u043d\u043d\u043e\u0441\u0442\u0438 \u0441\u0430\u043c\u043e\u0439 \u0441\u043c\u043e\u0442\u0440\u043e\u0432\u043e\u0439 \u043f\u043b\u043e\u0449\u0430\u0434\u043a\u0438 \u0438 \u0432\u0441\u0451,\r\n\u0447\u0442\u043e \u043d\u0430\u0445\u043e\u0434\u0438\u0442\u0441\u044f \u0432\u043e\u043a\u0440\u0443\u0433 \u043d\u0435\u0451.\r\n\u0411\u0443\u0434\u0443 \u0436\u0434\u0430\u0442\u044c \u0432\u0430\u0448\u0438\u0445 \u0432\u043f\u0435\u0447\u0430\u0442\u043b\u0435\u043d\u0438\u0439!", "route_map": "excursion/router_map/\u041c\u0430\u0440\u0448\u0440\u0443\u0442_3_\u043d\u043e\u0432_\u043a\u043e\u0440.png", "cover": "excursion/cover/3._\u041c\u0430\u043a\u0441\u0438\u043c_\u0418\u043c\u0430._\u041d\u043e_\u0441\u043f\u0438_\u0421\u041c\u0418_\u0441\u043f\u043e\u043a\u043e\u0439\u043d\u043e.jpg", "where_start": "\u0421\u043c\u043e\u0442\u0440\u043e\u0432\u0430\u044f \u043f\u043b\u043e\u0449\u0430\u0434\u043a\u0430 \u043d\u0430\u043f\u0440\u043e\u0442\u0438\u0432 \u043f\u0430\u043c\u044f\u0442\u043d\u0438\u043a\u0430 \u0413. \u042f. \u0421\u0435\u0434\u043e\u0432\u0443, \u0443\u043b. \u041d\u0438\u0436\u043d\u0435\u0431\u0443\u043b\u044c\u0432\u0430\u0440\u043d\u0430\u044f, 14 (\u0420\u043e\u0441\u0442\u043e\u0432-\u043d\u0430-\u0414\u043e\u043d\u0443)", "question_end": "\u041a\u043e\u043c\u0430\u043d\u0434\u0430 \u0444\u0435\u0441\u0442\u0438\u0432\u0430\u043b\u044f \u00ab\u041d\u0438\u0447\u0435\u0433\u043e \u0441\u0442\u0440\u0430\u0448\u043d\u043e\u0433\u043e\u00bb \u0431\u0443\u0434\u0435\u0442\r\n\u0440\u0430\u0434\u0430 \u0432\u0430\u0448\u0435\u043c\u0443 \u043e\u0442\u043a\u043b\u0438\u043a\u0443\\! \u0414\u043b\u044f \u044d\u0442\u043e\u0433\u043e \u043c\u044b \u043f\u0440\u0438\u043a\u0440\u0435\u043f\u043b\u044f\u0435\u043c\r\n\u0437\u0434\u0435\u0441\u044c \u043d\u0435\u0431\u043e\u043b\u044c\u0448\u0443\u044e \u0444\u043e\u0440\u043c\u0443, \u0437\u0430\u043f\u043e\u043b\u043d\u0435\u043d\u0438\u0435 \u043a\u043e\u0442\u043e\u0440\u043e\u0439 \u0437\u0430\u0439\u043c\u0451\u0442\r\n\u043d\u0435 \u0431\u043e\u043b\u044c\u0448\u0435 \u043c\u0438\u043d\u0443\u0442\u044b\\.\r\n[\u043a\u043e\u0440\u043e\u0442\u043a\u0438\u0439 \u043e\u043f\u0440\u043e\u0441](https://forms.gle/UdnKL6Fm2xrJmEEb8)\r\n\r\n<MarkdownV2>", "show": true}}, {"model": "excursion.exhibit", "pk": 2, "fields": {"route": 2, "name": "\u0411\u0435\u0437 \u043d\u0430\u0437\u0432\u0430\u043d\u0438\u044f", "address": "\u0425\u0443\u0434\u043e\u0436\u0435\u0441\u0442\u0432\u0435\u043d\u043d\u0430\u044f \u0433\u0430\u043b\u0435\u0440\u0435\u044f \u00ab\u0420\u043e\u0441\u0442\u043e\u0432\u00bb, \u043f\u0435\u0440. \u0421\u043e\u0431\u043e\u0440\u043d\u044b\u0439, 22", "author": "\u0410\u043b\u0435\u043a\u0441\u0435\u0439 \u041a\u0430\u0441\u0441\u0435\u0442\u0430", "question_for_reflection": "\u0417\u043d\u0430\u0435\u0442\u0435 \u043b\u0438 \u0412\u044b \u0447\u0442\u043e \u0442\u0430\u043a\u043e\u0435 \u0442\u044d\u0433? \u0417\u0430\u043c\u0435\u0447\u0430\u043b\u0438 \u043f\u043e\u0434\u043e\u0431\u043d\u044b\u0435 \u043d\u0435\u043f\u043e\u043d\u044f\u0442\u043d\u044b\u0435 \u043d\u0430\u0434\u043f\u0438\u0441\u0438 \u043d\u0430 \u0443\u043b\u0438\u0446\u0430\u0445 \u0433\u043e\u0440\u043e\u0434\u0430?", "answer_for_reflection": "\u041f\u0440\u0438\u0434\u0443\u043c\u0430\u0442\u044c \u0438 \u043d\u0430\u043f\u0438\u0441\u0430\u0442\u044c \u0441\u0432\u043e\u0439 \u043f\u0441\u0435\u0432\u0434\u043e\u043d\u0438\u043c \u0432 \u043d\u0435\u043e\u0431\u044b\u0447\u043d\u043e\u0439 \u043c\u0430\u043d\u0435\u0440\u0435\r\n(\u0438\u0441\u043a\u0440\u0438\u0432\u043b\u0451\u043d\u043d\u044b\u0435 \u0444\u043e\u0440\u043c\u044b, \u043e\u0431\u044a\u0451\u043c\u043d\u044b\u0435 \u0431\u0443\u043a\u0432\u044b, \u043d\u0430\u043f\u043e\u043c\u0438\u043d\u0430\u044e\u0449\u0438\u0435 \u043f\u0443\u0437\u044b\u0440\u0438 \u2013 bubble,\r\n\u043a\u0430\u043b\u043b\u0438\u0433\u0440\u0430\u0444\u0438\u0447\u0435\u0441\u043a\u0438\u0439 \u0442\u0435\u043a\u0441\u0442 \u0438 \u0442\u0430\u043a \u0434\u0430\u043b\u0435\u0435) \u2013 \u0442\u0430\u043a\u043e\u0439 \u0444\u0435\u043d\u043e\u043c\u0435\u043d \u0432 \u0443\u043b\u0438\u0447\u043d\u043e\u0439\r\n\u043a\u0443\u043b\u044c\u0442\u0443\u0440\u0435 \u043f\u043e\u043b\u0443\u0447\u0438\u043b \u043d\u0430\u0437\u0432\u0430\u043d\u0438\u0435 \u0442\u044d\u0433. \u0418\u0441\u0442\u043e\u0440\u0438\u0447\u0435\u0441\u043a\u0438 \u0442\u044d\u0433\u0438 \u043f\u043e\u044f\u0432\u0438\u043b\u0438\u0441\u044c \u0431\u043b\u0430\u0433\u043e\u0434\u0430\u0440\u044f\r\n\u0443\u043b\u0438\u0447\u043d\u043e\u043c\u0443 \u0445\u0443\u0434\u043e\u0436\u043d\u0438\u043a\u0443 \u0438\u0437 \u041d\u044c\u044e-\u0419\u043e\u0440\u043a\u0430 TAKI 183.\r\nTaki \u2014 \u0432\u0430\u0440\u0438\u0430\u0446\u0438\u044f \u043d\u0430\u0441\u0442\u043e\u044f\u0449\u0435\u0433\u043e \u0438\u043c\u0435\u043d\u0438 \u0445\u0443\u0434\u043e\u0436\u043d\u0438\u043a\u0430 Dimitros,\r\n\u0430 183 \u2014 \u043d\u0430\u0437\u0432\u0430\u043d\u0438\u0435 \u0443\u043b\u0438\u0446\u044b, \u043d\u0430 \u043a\u043e\u0442\u043e\u0440\u043e\u0439 \u043e\u043d \u043f\u0440\u043e\u0436\u0438\u0432\u0430\u043b.\r\n\u0422\u0430\u043a \u0438 \u0437\u0430\u0440\u043e\u0434\u0438\u043b\u0430\u0441\u044c \u0442\u0440\u0430\u0434\u0438\u0446\u0438\u044f \u0441\u043e\u0432\u043c\u0435\u0449\u0430\u0442\u044c \u043d\u0435\u043a\u0438\u0439 \u0448\u0438\u0444\u0440 \u0432 \u0431\u0443\u043a\u0432\u0430\u0445 \u0442\u044d\u0433\u0430 \u0438 \u0446\u0438\u0444\u0440\u044b.", "where_start": "\u0412\u043e\u0439\u0442\u0438 \u0432 \u0431\u0438\u0437\u043d\u0435\u0441-\u0446\u0435\u043d\u0442\u0440 \u00ab\u0421\u043e\u0431\u043e\u0440\u043d\u044b\u0439 22\u00bb, \u043f\u043e\u0434\u043d\u044f\u0442\u044c\u0441\u044f \u043d\u0430 \u0432\u0442\u043e\u0440\u043e\u0439 \u044d\u0442\u0430\u0436. \u041a\u043e\u0434 \u0434\u043b\u044f \u0432\u0445\u043e\u0434\u0430: 1357#", "order": 1}}, {"model": "excursion.exhibit", "pk": 3, "fields": {"route": 2, "name": "\u042d\u043f\u043e\u0445\u0430 \u0440\u0430\u0437\u043e\u0440\u0435\u043d\u043d\u043e\u0439 \u043a\u0440\u0430\u0441\u043e\u0442\u044b", "address": "\u0443\u043b. \u0421\u043e\u0446\u0438\u0430\u043b\u0438\u0441\u0442\u0438\u0447\u0435\u0441\u043a\u0430\u044f, 99", "author": "\u0418\u0432\u0430\u043d \u0421\u0438\u043c\u043e\u043d\u043e\u0432", "question_for_reflection": "\u0412\u044b \u043f\u0440\u043e\u0439\u0434\u0451\u0442\u0435\u0441\u044c \u043f\u043e \u0443\u043b\u0438\u0446\u0430\u043c, \u043a\u043e\u0442\u043e\u0440\u044b\u0435 \u0441 \u043a\u0430\u0436\u0434\u044b\u043c \u0434\u043d\u0451\u043c \u0432\u0441\u0435 \u0431\u043e\u043b\u044c\u0448\u0435 \u0438 \u0431\u043e\u043b\u044c\u0448\u0435 \u043e\u0431\u0440\u0430\u0441\u0442\u0430\u044e\u0442 \u0433\u0440\u0430\u0444\u0444\u0438\u0442\u0438 \u0438 \u0442\u044d\u0433\u0430\u043c\u0438. \u041f\u0440\u0438\u0441\u043c\u043e\u0442\u0440\u0438\u0442\u0435\u0441\u044c \u043a \u0438\u0445 \u043c\u0435\u0441\u0442\u0430\u043c \u043f\u043e\u044f\u0432\u043b\u0435\u043d\u0438\u044f. \u0427\u0442\u043e \u044d\u0442\u043e \u0437\u0430 \u043f\u043e\u0441\u0442\u0440\u043e\u0439\u043a\u0438 \u0438\u043b\u0438 \u043e\u0431\u044a\u0435\u043a\u0442\u044b?", "answer_for_reflection": "\u0422\u044d\u0433\u0438 \u0447\u0430\u0441\u0442\u043e \u0440\u0430\u0441\u043f\u043e\u043b\u0430\u0433\u0430\u044e\u0442\u0441\u044f \u0438\u043c\u0435\u043d\u043d\u043e \u043d\u0430 \u0442\u0438\u043f\u0438\u0447\u043d\u044b\u0445 \u044d\u043b\u0435\u043c\u0435\u043d\u0442\u0430\u0445 \u0433\u043e\u0440\u043e\u0434\u0441\u043a\u043e\u0439 \u0438\u043d\u0444\u0440\u0430\u0441\u0442\u0440\u0443\u043a\u0442\u0443\u0440\u044b: \u043c\u0443\u0441\u043e\u0440\u043a\u0438, \u0440\u043e\u043b\u043b-\u0441\u0442\u0430\u0432\u043d\u0438, \u0437\u0430\u0431\u043e\u0440\u044b, \u0441\u0442\u043e\u043a\u043e\u0432\u044b\u0435 \u0442\u0440\u0443\u0431\u044b \u0438 \u043e\u0431\u0440\u0430\u0442\u043d\u044b\u0435 \u0441\u0442\u043e\u0440\u043e\u043d\u044b \u0434\u043e\u0440\u043e\u0436\u043d\u044b\u0445 \u0437\u043d\u0430\u043a\u043e\u0432. \u0418 \u0438\u043c\u0435\u043d\u043d\u043e \u0442\u044d\u0433\u0438, \u043f\u043e \u043c\u043d\u0435\u043d\u0438\u044e \u0433\u0440\u0430\u0444\u0444\u0438\u0442\u0447\u0438\u043a\u043e\u0432, \u0441\u0442\u0430\u043d\u043e\u0432\u044f\u0442\u0441\u044f \u044d\u043b\u0435\u043c\u0435\u043d\u0442\u0430\u043c\u0438, \u043a\u043e\u0442\u043e\u0440\u044b\u0435 \u0441\u043f\u043e\u0441\u043e\u0431\u043d\u044b \u0440\u0430\u0437\u043d\u043e\u043e\u0431\u0440\u0430\u0437\u0438\u0442\u044c \u0441\u0435\u0440\u043e\u0441\u0442\u044c \u0441\u0442\u0435\u043d \u0438 \u0442\u0438\u043f\u0438\u0447\u043d\u043e\u0441\u0442\u044c, \u043e\u0434\u0438\u043d\u0430\u043a\u043e\u0432\u043e\u0441\u0442\u044c \u0433\u043e\u0440\u043e\u0434\u0441\u043a\u043e\u0439 \u0437\u0430\u0441\u0442\u0440\u043e\u0439\u043a\u0438.", "where_start": "\u041e\u0441\u0442\u0430\u043d\u043e\u0432\u0438\u0442\u0435\u0441\u044c \u0440\u044f\u0434\u043e\u043c \u0441 \u0434\u043e\u043c\u043e\u043c \u043d\u043e\u043c\u0435\u0440 86 \u043d\u0430 \u0443\u043b. \u0421\u043e\u0446\u0438\u0430\u043b\u0438\u0441\u0442\u0438\u0447\u0435\u0441\u043a\u043e\u0439,\r\n\u043f\u043e\u0441\u043c\u043e\u0442\u0440\u0438\u0442\u0435 \u043d\u0430 \u043d\u0435\u0431\u043e\u043b\u044c\u0448\u043e\u0439 \u0434\u043e\u043c \u043d\u0430\u043f\u0440\u043e\u0442\u0438\u0432. \u041d\u0430\u0439\u0434\u0438\u0442\u0435 \u0431\u0435\u043b\u0435\u044e\u0449\u0438\u0445 \u00ab\u0445\u043e\u043b\u0441\u0442\u00bb\r\n\u0441 \u0440\u0430\u0431\u043e\u0442\u043e\u0439 \u0432 \u0432\u0438\u0434\u0435 \u0432\u043e\u0440\u043e\u0442 \u0432 \u043f\u0440\u0430\u0432\u043e\u0439 \u0447\u0430\u0441\u0442\u0438 \u0437\u0434\u0430\u043d\u0438\u044f. \u041c\u043e\u0436\u0435\u0442\u0435 \u043f\u0435\u0440\u0435\u0439\u0442\u0438\r\n\u0434\u043e\u0440\u043e\u0433\u0443 \u0438 \u043f\u0440\u0438\u0433\u043b\u044f\u0434\u0435\u0442\u044c\u0441\u044f \u043a \u043d\u0430\u0434\u043f\u0438\u0441\u0438 \u043d\u0430\u0434 \u0442\u0440\u0430\u0444\u0430\u0440\u0435\u0442\u043d\u044b\u043c\u0438 \u0432\u043e\u0440\u043e\u0442\u0430\u043c\u0438,\r\n\u0441\u043e\u0437\u0434\u0430\u043d\u043d\u043e\u0439 \u0445\u0443\u0434\u043e\u0436\u043d\u0438\u043a\u043e\u043c.", "order": 2}}, {"model": "excursion.exhibit", "pk": 4, "fields": {"route": 2, "name": "\u0421\u043f\u0443\u0442\u043d\u0438\u043a", "address": "\u0443\u043b. \u0421\u043e\u0446\u0438\u0430\u043b\u0438\u0441\u0442\u0438\u0447\u0435\u0441\u043a\u0430\u044f, 100", "author": "\u0418\u0432\u0430\u043d \u0421\u0438\u043c\u043e\u043d\u043e\u0432", "question_for_reflection": "\u041a\u0430\u043a \u0434\u0443\u043c\u0430\u0435\u0442\u0435, \u043a\u0430\u043a \u043d\u0430 \u044d\u0442\u043e\u0439 \u043f\u0430\u0440\u043a\u043e\u0432\u043a\u0435 \u043f\u043e\u044f\u0432\u0438\u043b\u0441\u044f \u0447\u0435\u043b\u043e\u0432\u0435\u043a \u0441 \u0441\u043e\u0431\u0430\u043a\u043e\u0439? \u041a\u0442\u043e \u043e\u043d\u0438? \u041e\u0442\u043a\u0443\u0434\u0430 \u0438\u0434\u0443\u0442?", "answer_for_reflection": "", "where_start": "\u0414\u043e\u0439\u0442\u0438 \u0434\u043e \u043f\u0430\u0440\u043a\u043e\u0432\u043a\u0438 \u043c\u0435\u0436\u0434\u0443 \u0434\u043e\u043c\u0430\u043c\u0438 100 \u0438 102 \u043d\u0430 \u0443\u043b. \u0421\u043e\u0446\u0438\u0430\u043b\u0438\u0441\u0442\u0438\u0447\u0435\u0441\u043a\u0430\u044f. \u0417\u0430\u0439\u0442\u0438 \u0432\u043d\u0443\u0442\u0440\u044c \u043f\u0430\u0440\u043a\u043e\u0432\u043a\u0438 \u0438 \u043e\u0431\u0440\u0430\u0442\u0438\u0442\u044c \u0432\u043d\u0438\u043c\u0430\u043d\u0438\u0435 \u043d\u0430 \u0447\u0435\u0440\u043d\u043e-\u0431\u0435\u043b\u0443\u044e \u0444\u043e\u0442\u043e\u0433\u0440\u0430\u0444\u0438\u044e \u043d\u0430 \u0441\u0442\u0435\u043d\u0435, \u043e\u043d\u0430 \u0440\u0430\u0441\u043f\u043e\u043b\u043e\u0436\u0435\u043d\u0430 \u043d\u0430 \u0432\u044b\u0441\u043e\u0442\u0435 4-5 \u043c\u0435\u0442\u0440\u043e\u0432!", "order": 3}}, {"model": "excursion.exhibit", "pk": 5, "fields": {"route": 2, "name": "\u041f\u043e\u0434\u043e\u0440\u043e\u0436\u043d\u0438\u043a", "address": "\u0443\u043b. \u0421\u043e\u0446\u0438\u0430\u043b\u0438\u0441\u0442\u0438\u0447\u0435\u0441\u043a\u0430\u044f, 100", "author": "Couple of creators", "question_for_reflection": "\u041e\u0433\u043b\u044f\u043d\u0438\u0442\u0435\u0441\u044c \u0432\u043e\u043a\u0440\u0443\u0433 \u043f\u0430\u0440\u043a\u043e\u0432\u043a\u0438! \u0412\u0441\u0435\u0433\u043e \u0433\u043e\u0434 \u043d\u0430\u0437\u0430\u0434 \u043e\u043d\u0430 \u043e\u0433\u043e\u043b\u044f\u043b\u0430 \u0431\u043e\u043b\u044c\u0448\u0443\u044e \u043f\u043b\u043e\u0449\u0430\u0434\u044c \u0441\u0442\u0435\u043d, \u043d\u043e \u0441\u0435\u0439\u0447\u0430\u0441 - \u0441\u0438\u043b\u044c\u043d\u043e \u0437\u0430\u0440\u043e\u0441\u043b\u0430. \u0412\u043e\u0437\u043c\u043e\u0436\u043d\u043e, \u0438\u043c\u0435\u043d\u043d\u043e \u0440\u0430\u0431\u043e\u0442\u0430 \u00ab\u041f\u043e\u0434\u043e\u0440\u043e\u0436\u043d\u0438\u043a\u00bb, \u0441\u043e\u0437\u0434\u0430\u043d\u043d\u0430\u044f \u0442\u0432\u043e\u0440\u0447\u0435\u0441\u043a\u0438\u043c \u0442\u0430\u043d\u0434\u0435\u043c\u043e\u043c Couple of Creators \u0437\u0430\u0434\u0430\u043b\u0430 \u0442\u043e\u043d \u0434\u043b\u044f \u0431\u044b\u0441\u0442\u0440\u043e\u0433\u043e \u0440\u043e\u0441\u0442\u0430 \u0440\u0430\u0441\u0442\u0438\u0442\u0435\u043b\u044c\u043d\u043e\u0441\u0442\u0438 \u0432\u043e\u043a\u0440\u0443\u0433:)\r\n\r\n\u0412\u0447\u0438\u0442\u0430\u0439\u0442\u0435\u0441\u044c \u0432 \u0442\u0435\u043a\u0441\u0442 \u00ab\u0436\u0438\u0437\u043d\u044c \u0432\u0441\u0435\u0433\u0434\u0430 \u043f\u0440\u043e\u0438\u0441\u0445\u043e\u0434\u0438\u0442 \u0441\u0435\u0439\u0447\u0430\u0441\u00bb. \u041a\u0430\u043a\u0438\u0435 \u044d\u043c\u043e\u0446\u0438\u0438 \u043e\u043d \u0432 \u0412\u0430\u0441 \u043f\u0440\u043e\u0431\u0443\u0436\u0434\u0430\u0435\u0442? \u041d\u0430 \u043a\u0430\u043a\u0438\u0435 \u043c\u044b\u0441\u043b\u0438 \u043d\u0430\u0442\u0430\u043b\u043a\u0438\u0432\u0430\u0435\u0442?", "answer_for_reflection": "", "where_start": "\u041d\u0430 \u044d\u0442\u043e\u0439 \u0436\u0435 \u043f\u0430\u0440\u043a\u043e\u0432\u043a\u0435, \u043f\u0440\u0435\u0434\u043b\u0430\u0433\u0430\u0435\u043c \u043e\u0431\u0440\u0430\u0442\u0438\u0442\u044c \u0432\u043d\u0438\u043c\u0430\u043d\u0438\u0435 \u043d\u0430 \u043f\u0440\u0430\u0432\u0443\u044e \u0441\u0442\u0435\u043d\u0443 \u0441 \u043f\u0451\u0441\u0442\u0440\u044b\u043c\u0438 \u0446\u0432\u0435\u0442\u0430\u043c\u0438 \u0438 \u043d\u0430\u0434\u043f\u0438\u0441\u044c\u044e \u00ab\u0436\u0438\u0437\u043d\u044c \u0432\u0441\u0435\u0433\u0434\u0430 \u043f\u0440\u043e\u0438\u0441\u0445\u043e\u0434\u0438\u0442 \u0441\u0435\u0439\u0447\u0430\u0441\u00bb!", "order": 4}}, {"model": "excursion.exhibit", "pk": 6, "fields": {"route": 2, "name": "\u0422\u0438\u0433\u0440", "address": "\u0443\u043b. \u0428\u0430\u0443\u043c\u044f\u043d\u0430, 108", "author": "\u0410\u043d\u0442\u043e\u043d \u0421\u0430\u043a\u0432\u043e", "question_for_reflection": "\u0427\u0442\u043e \u043c\u043e\u0436\u0435\u0442 \u0431\u044b\u0442\u044c \u0438\u0440\u043e\u043d\u0438\u0447\u043d\u0435\u0435 \u0442\u0438\u0433\u0440\u0430, \u0440\u0430\u0437\u0432\u0430\u043b\u0438\u0432\u0448\u0435\u0433\u043e\u0441\u044f \u0432\u0434\u043e\u043b\u044c \u043e\u0431\u0440\u0443\u0448\u0438\u0432\u0448\u0435\u0433\u043e\u0441\u044f \u0444\u0430\u0441\u0430\u0434\u0430?", "answer_for_reflection": "", "where_start": "\u041e\u0442 \u043f\u0430\u0440\u043a\u043e\u0432\u043a\u0438 \u043f\u0440\u0435\u0434\u043b\u0430\u0433\u0430\u0435\u043c \u043f\u0440\u043e\u0439\u0442\u0438 \u0441\u043a\u0432\u043e\u0437\u044c \u0440\u0443\u0438\u043d\u044b \u0432 \u0441\u0442\u043e\u0440\u043e\u043d\u0443 \u0443\u043b\u0438\u0446\u044b \u0428\u0430\u0443\u043c\u044f\u043d\u0430. \u041e\u0431\u0440\u0430\u0442\u0438\u0442\u0435 \u0432\u043d\u0438\u043c\u0430\u043d\u0438\u0435 \u043d\u0430 \u043f\u0440\u0430\u0432\u0443\u044e \u0441\u0442\u0435\u043d\u0443, \u043d\u0430 \u043a\u043e\u0442\u043e\u0440\u043e\u0439 \u0432 \u0442\u043e\u043c \u0447\u0438\u0441\u043b\u0435 \u0440\u0430\u0437\u043b\u0451\u0433\u0441\u044f \u043e\u0433\u0440\u043e\u043c\u043d\u044b\u0439 \u0442\u0438\u0433\u0440!", "order": 5}}, {"model": "excursion.exhibit", "pk": 7, "fields": {"route": 2, "name": "\u0425\u043e\u0440\u043e\u0432\u043e\u0434", "address": "\u0443\u043b. \u0428\u0430\u0443\u043c\u044f\u043d\u0430, 108", "author": "\u0425\u043e\u0447\u0443\u0411\u044b\u0442\u044c\u0421\u043e\u043a\u043e\u0432\u044b\u043c", "question_for_reflection": "\u0427\u0430\u0441\u0442\u043e \u043e\u0431\u0440\u0443\u0448\u0438\u0432\u0448\u0438\u0435\u0441\u044f \u0437\u0434\u0430\u043d\u0438\u044f \u0435\u0449\u0451 \u0434\u043e\u043b\u0433\u043e \u0443\u0433\u0430\u0441\u0430\u044e\u0442, \u043e\u0441\u0442\u0430\u0432\u0430\u044f\u0441\u044c \u0446\u0435\u043b\u043e\u0441\u0442\u043d\u044b\u043c\u0438 \u0432 \u0434\u0435\u0442\u0430\u043b\u044f\u0445 \u0431\u044b\u0442\u0430. \u041d\u0430\u043f\u0440\u0438\u043c\u0435\u0440, \u043d\u0430 \u044d\u0442\u043e\u0439 \u043f\u043b\u043e\u0449\u0430\u0434\u043a\u0435 \u043c\u0435\u0436\u0434\u0443 \u0443\u043b. \u0421\u043e\u0446\u0438\u0430\u043b\u0438\u0441\u0442\u0438\u0447\u0435\u0441\u043a\u043e\u0439 \u0438 \u0428\u0430\u0443\u043c\u044f\u043d\u0430 \u043c\u043e\u0436\u043d\u043e \u0437\u0430\u043c\u0435\u0442\u0438\u0442\u044c \u043f\u043e\u043b\u043a\u0443, \u0437\u0430\u0441\u0442\u0435\u043a\u043b\u0451\u043d\u043d\u043e\u0435 \u043e\u043a\u043d\u043e \u0438 \u0434\u0430\u0436\u0435 \u043a\u0430\u0444\u0435\u043b\u044c \u0441\u2026 \u0432\u0438\u0434\u0438\u0442\u0435 \u0440\u043e\u0437\u043e\u0432\u044b\u0445 \u0441\u0443\u0449\u0435\u0441\u0442\u0432?", "answer_for_reflection": "", "where_start": "\u041d\u0430 \u044d\u0442\u043e\u0439 \u0436\u0435 \u0441\u0442\u0435\u043d\u0435 \u043e\u0441\u0442\u0430\u043b\u043e\u0441\u044c \u043c\u043d\u043e\u0436\u0435\u0441\u0442\u0432\u043e \u044d\u043b\u0435\u043c\u0435\u043d\u0442\u043e\u0432-\u043e\u0441\u043a\u043e\u043b\u043e\u043a\u043e\u0432 \u0437\u0434\u0430\u043d\u0438\u044f, \u043d\u0435\u043a\u043e\u0433\u0434\u0430 \u043d\u0430\u0445\u043e\u0434\u0438\u0432\u0448\u0435\u0433\u043e\u0441\u044f \u0437\u0434\u0435\u0441\u044c. \u041d\u0430\u0439\u0434\u0438\u0442\u0435 \u043a\u0430\u0444\u0435\u043b\u044c \u0441 \u0440\u043e\u0437\u043e\u0432\u044b\u043c\u0438 \u0444\u0438\u0433\u0443\u0440\u0430\u043c\u0438!", "order": 6}}, {"model": "excursion.exhibit", "pk": 8, "fields": {"route": 2, "name": "\u0425\u043e\u0440\u043e\u0448\u043e\u0433\u0440", "address": "\u0443\u043b. \u0428\u0430\u0443\u043c\u044f\u043d\u0430, 108", "author": "\u043d\u0435\u0438\u0437\u0432\u0435\u0441\u0442\u0435\u043d", "question_for_reflection": "\u0412\u0438\u0434\u0438\u0442\u0435 \u0434\u0438\u043d\u043e\u0437\u0430\u0432\u0440\u0430? \u0418\u043b\u0438 \u0436\u0451\u043b\u0442\u043e-\u0437\u0435\u043b\u0451\u043d\u0443\u044e \u0433\u0443\u0441\u0435\u043d\u0438\u0446\u0443? \u041a\u0430\u043a \u0434\u0443\u043c\u0430\u0435\u0442\u0435, \u043a\u0442\u043e \u044d\u0442\u043e?", "answer_for_reflection": "\u042d\u0442\u043e \u043e\u0447\u0435\u043d\u044c \u0447\u0430\u0441\u0442\u044b\u0439 \u043f\u0435\u0440\u0441\u043e\u043d\u0430\u0436, \u0442\u043e \u0435\u0441\u0442\u044c \u043a\u0435\u0440\u0435\u043a (\u043e\u0442 \u0430\u043d\u0433\u043b. character), \u0430\u0432\u0442\u043e\u0440\u0441\u0442\u0432\u0430 \u0440\u043e\u0441\u0442\u043e\u0432\u0441\u043a\u043e\u0433\u043e \u0433\u0440\u0430\u0444\u0444\u0438\u0442\u0447\u043a\u0430. \u0417\u043e\u0432\u0443\u0442 \u043f\u0435\u0440\u0441\u043e\u043d\u0430\u0436\u0430 \u0425\u043e\u0440\u043e\u0448\u043e\u0433\u0440 \u0438 \u0441\u043e\u0437\u0434\u0430\u043d \u043e\u043d, \u0447\u0442\u043e\u0431\u044b \u043f\u043e\u0434\u043d\u0438\u043c\u0430\u0442\u044c \u043d\u0430\u0441\u0442\u0440\u043e\u0435\u043d\u0438\u0435 \u0432\u0441\u0435\u043c \u0432\u043e\u043a\u0440\u0443\u0433, \u0434\u0430\u0436\u0435 \u0441\u0432\u043e\u0438\u043c \u0438\u043c\u0435\u043d\u0435\u043c \u0433\u043e\u0432\u043e\u0440\u044f: \r\n**\u00ab\u0412\u0441\u0451 \u0431\u0443\u0434\u0435\u0442 \u0445\u043e\u0440\u043e\u0448\u043e\u0433\u0440!\u00bb**", "where_start": "\u0420\u0443\u0438\u043d\u0438\u0437\u0438\u0440\u043e\u0432\u0430\u043d\u043d\u0430\u044f \u043f\u043b\u043e\u0449\u0430\u0434\u044c \u0430\u043a\u0442\u0438\u0432\u043d\u043e \u043e\u0431\u0440\u0430\u0441\u0442\u0430\u0435\u0442 \u0442\u044d\u0433\u0430\u043c\u0438 \u0438 \u043a\u0443\u0441\u043a\u0430\u043c\u0438 \u0432\u043d\u0435 \u0434\u0435\u044f\u0442\u0435\u043b\u044c\u043d\u043e\u0441\u0442\u0438 \u0444\u0435\u0441\u0442\u0438\u0432\u0430\u043b\u044f. \u041f\u043e\u0441\u043c\u043e\u0442\u0440\u0438\u0442\u0435 \u043d\u0430 \u043b\u0435\u0432\u0443\u044e \u0441\u0442\u0435\u043d\u0443 \u0441 \u0440\u043e\u0441\u0441\u044b\u043f\u044c\u044e \u0440\u0430\u0431\u043e\u0442 \u043e\u0442 \u0443\u043b\u0438\u0447\u043d\u044b\u0445 \u0445\u0443\u0434\u043e\u0436\u043d\u0438\u043a\u043e\u0432.", "order": 7}}, {"model": "excursion.exhibit", "pk": 9, "fields": {"route": 2, "name": "\u0411\u0435\u0437 \u043d\u0430\u0437\u0432\u0430\u043d\u0438\u044f", "address": "\u0443\u043b. \u0428\u0430\u0443\u043c\u044f\u043d\u0430, 108", "author": "\u0422\u044d\u0433 \u043a\u043e\u043c\u0430\u043d\u0434\u044b AC", "question_for_reflection": "\u041a\u0430\u043a \u0434\u0443\u043c\u0430\u0435\u0442\u0435, \u0447\u0442\u043e \u043e\u0437\u043d\u0430\u0447\u0430\u0435\u0442 AC? \u0412\u0438\u0434\u0435\u043b\u0438 \u043b\u0438 \u0412\u044b \u0438\u0445 \u0440\u0430\u043d\u0435\u0435 \u043d\u0430 \u043d\u0430\u0448\u0435\u043c \u043c\u0430\u0440\u0448\u0440\u0443\u0442\u0435, \u043d\u043e \u0432 \u0438\u043d\u044b\u0445 \u0444\u043e\u0440\u043c\u0430\u0445 \u043d\u0430\u0447\u0435\u0440\u0442\u0430\u043d\u0438\u044f?", "answer_for_reflection": "AC (Active Crew \u2013 \u0438\u0445 \u0430\u0431\u0431\u0440\u0435\u0432\u0438\u0430\u0442\u0443\u0440\u0443 \u043e\u0447\u0435\u043d\u044c \u0447\u0430\u0441\u0442\u043e \u043c\u043e\u0436\u043d\u043e \u0443\u0432\u0438\u0434\u0435\u0442\u044c \u0432 \u0420\u043e\u0441\u0442\u043e\u0432\u0435). \r\n\u041a\u043e\u043c\u0430\u043d\u0434\u0430 \u043d\u0430\u0441\u0442\u043e\u043b\u044c\u043a\u043e \u0430\u043a\u0442\u0438\u0432\u043d\u0430, \u0447\u0442\u043e \u043d\u0435\u0432\u043e\u0437\u043c\u043e\u0436\u043d\u043e \u043d\u0435 \u0441\u0442\u043e\u043b\u043a\u043d\u0443\u0442\u044c\u0441\u044f \u0441 \u0438\u0445 \u0442\u044d\u0433\u0430\u043c \u043d\u0430 \u0443\u043b\u0438\u0446\u0430\u0445 \u0433\u043e\u0440\u043e\u0434\u0430.\r\n\r\n\u0422\u0430\u043a\u0436\u0435 \u0440\u0430\u0441\u0448\u0438\u0444\u0440\u043e\u0432\u0430\u0442\u044c \u0430\u0431\u0431\u0440\u0435\u0432\u0438\u0430\u0442\u0443\u0440\u0443 \u0438\u0445 \u043c\u043e\u0436\u043d\u043e \u0432\u0441\u043f\u043e\u043c\u043d\u0438\u0432 \u043e\u0434\u043d\u043e \u0438\u0437 \u0441\u043b\u0435\u043d\u0433\u043e\u0432\u044b\u0445 \u0432\u044b\u0440\u0430\u0436\u0435\u043d\u0438\u0439 \u0443\u043b\u0438\u0447\u043d\u043e\u0439 \u0441\u0440\u0435\u0434\u044b All City (\u043f\u0435\u0440. \u0432\u0435\u0441\u044c \u0433\u043e\u0440\u043e\u0434). \r\n\r\n\u0422\u043e \u0435\u0441\u0442\u044c \u0433\u0440\u0430\u0444\u0444\u0438\u0442\u0447\u0438\u043a \u043d\u0430\u0441\u0442\u043e\u043b\u044c\u043a\u043e \u043a\u0440\u0443\u0442 \u0438 \u0438\u0437\u0432\u0435\u0441\u0442\u0435\u043d \u0441\u0432\u043e\u0438\u043c\u0438 \u0442\u044d\u0433\u0430\u043c\u0438 \u0438\u043c\u0435\u043d\u043d\u043e \u043f\u043e\u0442\u043e\u043c\u0443 \u0447\u0442\u043e \u043e\u0441\u0442\u0430\u0432\u0438\u043b \u0438\u0445 \u0431\u0443\u043a\u0432\u0430\u043b\u044c\u043d\u043e \u043f\u043e \u0432\u0441\u0435\u043c\u0443 \u0433\u043e\u0440\u043e\u0434\u0443!\r\n\r\n\u0412 \u0434\u0430\u043d\u043d\u043e\u043c \u0441\u043b\u0443\u0447\u0430\u0435 \u043a\u043e\u043c\u0430\u043d\u0434\u0430 \u0438\u0437\u043e\u0431\u0440\u0430\u0437\u0438\u043b\u0430 \u0441\u0432\u043e\u0439 \u0442\u044d\u0433 \u043d\u0430\u0440\u043e\u0447\u0438\u0442\u043e \u043e\u0433\u0440\u043e\u043c\u043d\u044b\u043c, \u0430 \u0433\u0440\u0430\u0434\u0438\u0435\u043d\u0442\u043d\u044b\u0439 \u043f\u043b\u0430\u0432\u043d\u044b\u0439 \u043f\u0435\u0440\u0435\u0445\u043e\u0434 \u0446\u0432\u0435\u0442\u043e\u0432 \u0441\u0447\u0438\u0442\u0430\u0435\u0442\u0441\u044f \u043e\u0442\u0434\u0435\u043b\u044c\u043d\u044b\u043c \u0443\u0440\u043e\u0432\u043d\u0435\u043c \u043c\u0430\u0441\u0442\u0435\u0440\u0441\u0442\u0432\u0430 \u0438 \u043d\u043e\u0441\u0438\u0442 \u043d\u0430\u0437\u0432\u0430\u043d\u0438\u044f **faded**", "where_start": "\u0412\u043d\u043e\u0432\u044c \u043f\u043e\u0441\u043c\u043e\u0442\u0440\u0438\u0442\u0435 \u043d\u0430 \u043f\u0440\u0430\u0432\u0443\u044e \u0441\u0442\u043e\u0440\u043e\u043d\u0443 \u043f\u043b\u043e\u0449\u0430\u0434\u043a\u0438, \u043e\u0441\u043e\u0431\u0435\u043d\u043d\u043e \u043d\u0430 \u0434\u0432\u0435 \u043a\u0440\u0443\u043f\u043d\u044b\u0445, \u0441\u043b\u043e\u0432\u043d\u043e \u0441\u0442\u0435\u043a\u0430\u044e\u0449\u0438\u0445 \u0441\u0438\u0440\u0435\u043d\u0435\u0432\u043e-\u0440\u043e\u0437\u043e\u0432\u044b\u0435 \u0431\u0443\u043a\u0432\u044b AC.", "order": 8}}, {"model": "excursion.exhibit", "pk": 10, "fields": {"route": 3, "name": "\u041d\u0430\u0440\u0435\u0447\u0438\u0435", "address": "\u0443\u043b. \u0422\u0435\u043c\u0435\u0440\u043d\u0438\u0446\u043a\u0430\u044f, 61", "author": "\u041c\u0438\u0448\u0430 \u041c\u0430\u0440\u043a\u0435\u0440", "question_for_reflection": "\u041a\u0430\u043a\u0438\u0435 \u0437\u0430\u043c\u0435\u0447\u0430\u0435\u0442\u0435 \u0437\u0434\u0430\u043d\u0438\u044f?", "answer_for_reflection": "\u041d\u0430\u0432\u0435\u0440\u043d\u044f\u043a\u0430, \u0412\u044b \u0437\u0430\u043c\u0435\u0442\u0438\u043b\u0438 \u043e\u0431\u0438\u043b\u0438\u0435 \u0437\u0434\u0430\u043d\u0438\u0439 \u0440\u0430\u0437\u043d\u044b\u0445 \u044d\u0442\u0430\u0436\u043d\u043e\u0441\u0442\u0438 \u0438 \u044d\u043f\u043e\u0445 \u0438 \u043e\u0441\u043e\u0431\u0435\u043d\u043d\u043e \u0434\u0432\u0443\u0445\u044d\u0442\u0430\u0436\u043d\u044b\u0439 \u0434\u043e\u043c. \u0421\u043d\u0438\u0437\u0443 \u043e\u043d \u0443\u0436\u0435 \u0441\u0438\u043b\u044c\u043d\u043e \u043e\u0431\u0440\u043e\u0441 \u0440\u0430\u0437\u043d\u044b\u043c\u0438 \u043d\u0430\u0434\u043f\u0438\u0441\u044f\u043c\u0438 \u043a\u043e\u043c\u0430\u043d\u0434 \u0443\u043b\u0438\u0447\u043d\u044b\u0445 \u0445\u0443\u0434\u043e\u0436\u043d\u0438\u043a\u043e\u0432 \u2014 \u0442\u044d\u0433\u0430\u043c\u0438. \u0410 \u043d\u0430 \u0432\u0442\u043e\u0440\u043e\u043c \u044d\u0442\u0430\u0436\u0435 \u0432\u044b\u0441\u0442\u0440\u043e\u0438\u043b\u0438\u0441\u044c \u0431\u0443\u043a\u0432\u044b \u00ab\u042f\u0432\u043d\u043e\u00bb, \u0431\u043b\u0430\u0433\u043e\u0434\u0430\u0440\u044f \u0445\u0443\u0434\u043e\u0436\u043d\u0438\u043a\u0443 \u041c\u0438\u0448\u0435 \u041c\u0430\u0440\u043a\u0443\u0440\u0435 \u0438 \u0441\u043b\u043e\u0432\u043d\u043e \u0441\u0430\u043c\u0438 \u043a\u0440\u0438\u0447\u0430\u0442: \u00ab\u041d\u0430\u043c \u044f\u0432\u043d\u043e \u043d\u0443\u0436\u043d\u0430 \u043f\u043e\u043c\u043e\u0449\u044c!\u00bb.\r\n\r\n__\u00ab\u0414\u043b\u044f \u043c\u0435\u043d\u044f \u044d\u0442\u0430 \u0440\u0430\u0431\u043e\u0442\u0430 \u043f\u0440\u0438\u043c\u0435\u0447\u0430\u0442\u0435\u043b\u044c\u043d\u0430 \u0442\u0435\u043c, \u0447\u0442\u043e \u0438\u0437\u043d\u0430\u0447\u0430\u043b\u044c\u043d\u043e \u0435\u0451 \u043d\u0435 \u0431\u044b\u043b\u043e \u0432 \u043c\u043e\u0438\u0445 \u043f\u043b\u0430\u043d\u0430\u0445 \u043d\u0430 \u0444\u0435\u0441\u0442\u0438\u0432\u0430\u043b\u044c, \u0441\u043b\u0443\u0447\u0430\u0439\u043d\u043e \u043d\u0430\u0431\u0440\u0451\u043b \u043d\u0430 \u044d\u0442\u043e\u0442 \u0434\u043e\u043c, \u0432 \u043f\u0435\u0440\u0432\u044b\u0439 \u0436\u0435 \u0434\u0435\u043d\u044c \u043d\u0430\u0445\u043e\u0436\u0434\u0435\u043d\u0438\u044f \u0432 \u0433\u043e\u0440\u043e\u0434\u0435 \u0438 \u043f\u043e\u043d\u044f\u043b, \u0447\u0442\u043e \u044d\u0442\u043e \u043c\u043e\u0451 \u043c\u0435\u0441\u0442\u043e \u0438 \u043d\u0430\u0434\u043e \u0441 \u043d\u0438\u043c \u0447\u0442\u043e-\u0442\u043e \u0434\u0435\u043b\u0430\u0442\u044c, \u0442\u0430\u043a \u0441\u043f\u043e\u043d\u0442\u0430\u043d\u043d\u043e \u0438 \u0440\u043e\u0434\u0438\u043b\u0430\u0441\u044c \u044d\u0442\u0430 \u0440\u0430\u0431\u043e\u0442\u0430. \u043d\u0435\u0445\u0430\u0440\u0430\u043a\u0442\u0435\u0440\u043d\u044b\u0439 \u0434\u043b\u044f \u043c\u0435\u043d\u044f \u0441\u043b\u0443\u0447\u0430\u0439, \u043d\u043e \u0442\u0435\u043c \u043e\u043d \u0438 \u0446\u0435\u043d\u0435\u043d\u00bb__ \u2013 \u043a\u043e\u043c\u043c\u0435\u043d\u0442\u0438\u0440\u0443\u0435\u0442 \u041c\u0438\u0448\u0430 \u0438\u0441\u0442\u043e\u0440\u0438\u044e \u0441\u043e\u0437\u0434\u0430\u043d\u0438\u044f \u0440\u0430\u0431\u043e\u0442\u044b.", "where_start": "\u0412\u0430\u043c \u043d\u0435\u043e\u0431\u0445\u043e\u0434\u0438\u043c\u043e \u043e\u0441\u0442\u0430\u043d\u043e\u0432\u0438\u0442\u044c\u0441\u044f \u043d\u0430\u043f\u0440\u043e\u0442\u0438\u0432 \u0443\u043a\u0430\u0437\u0430\u043d\u043d\u043e\u0433\u043e \u0430\u0434\u0440\u0435\u0441\u0430, \u0440\u044f\u0434\u043e\u043c \u0441 \u0434\u043e\u043c\u043e\u043c 50 \u043d\u0430 \u0443\u043b\u0438\u0446\u0435 \u0422\u0435\u043c\u0435\u0440\u043d\u0438\u0446\u043a\u0430\u044f \u0438 \u043f\u043e\u0441\u043c\u043e\u0442\u0440\u0435\u0442\u044c \u043d\u0430 \u0432\u0442\u043e\u0440\u043e\u0439 \u044d\u0442\u0430\u0436 \u0434\u043e\u043c\u0430, \u043e\u0441\u043e\u0431\u0435\u043d\u043d\u043e \u043d\u0430 \u0435\u0433\u043e \u043e\u043a\u043e\u043d\u043d\u044b\u0435 \u043f\u0440\u043e\u0435\u043c\u044b.", "order": 1}}, {"model": "excursion.exhibit", "pk": 11, "fields": {"route": 3, "name": "\u0411\u0435\u0437 \u043d\u0430\u0437\u0432\u0430\u043d\u0438\u044f", "address": "\u0443\u043b. \u0422\u0435\u043c\u0435\u0440\u043d\u0438\u0446\u043a\u0430\u044f, 62", "author": "\u0410\u0440\u0442 \u0410\u0431\u0441\u0442\u0440\u0430\u043a\u0442\u043e\u0432", "question_for_reflection": "\u041f\u043e\u0441\u043c\u043e\u0442\u0440\u0438\u0442\u0435 \u0432\u043e\u043a\u0440\u0443\u0433. \u041a\u0430\u043a \u0443\u043b\u0438\u0447\u043d\u043e\u0435 \u0438\u0441\u043a\u0443\u0441\u0441\u0442\u0432\u043e \u0438\u0437\u043c\u0435\u043d\u044f\u0435\u0442 \u0432\u0438\u0437\u0443\u0430\u043b\u044c\u043d\u044b\u0439 \u043b\u0430\u043d\u0434\u0448\u0430\u0444\u0442 \u0443\u043b\u0438\u0446\u044b? \u0418\u0437\u043c\u0435\u043d\u044f\u0435\u0442 \u043b\u0438?", "answer_for_reflection": "\u0417\u0434\u0435\u0441\u044c \u0442\u0430\u043a\u0436\u0435 \u043f\u0440\u044f\u043c\u043e \u0432 \u043f\u043e\u0440\u0442\u0430\u043b\u0430\u0445 \u0441\u0442\u0435\u043d\u044b \u043f\u0440\u0438\u0442\u0430\u0438\u043b\u0430\u0441\u044c \u0440\u0430\u0431\u043e\u0442\u0430 \u0441\u0430\u043c\u0430\u0440\u0441\u043a\u043e\u0433\u043e \u0443\u043b\u0438\u0447\u043d\u043e\u0433\u043e \u0445\u0443\u0434\u043e\u0436\u043d\u0438\u043a\u0430 \u0410\u0440\u0442 \u0410\u0431\u0441\u0442\u0440\u0430\u043a\u0442\u043e\u0432. \u0425\u0443\u0434\u043e\u0436\u043d\u0438\u043a \u0432\u0441\u0435\u0433\u0434\u0430 \u0441\u043e\u0437\u0434\u0430\u0451\u0442 \u0443\u043b\u0438\u0447\u043d\u044b\u0435 \u0440\u0430\u0431\u043e\u0442\u044b \u0432\u043f\u0438\u0441\u0430\u043d\u043d\u044b\u0435 \u0432 \u0430\u0440\u0445\u0438\u0442\u0435\u043a\u0442\u0443\u0440\u043d\u044b\u0435 \u044d\u043b\u0435\u043c\u0435\u043d\u0442\u044b \u0437\u0434\u0430\u043d\u0438\u044f \u0438 \u0441\u043e\u0441\u0442\u043e\u044f\u0449\u0438\u0435 \u0438\u0437 \u0430\u0431\u0441\u0442\u0440\u0430\u043a\u0442\u043d\u044b\u0445 \u0433\u0435\u043e\u043c\u0435\u0442\u0440\u0438\u0447\u0435\u0441\u043a\u0438\u0445 \u043a\u043e\u043c\u043f\u043e\u0437\u0438\u0446\u0438\u0439. \u0420\u0430\u0431\u043e\u0442\u044b \u0431\u044b\u043b\u0438 \u0441\u043e\u0437\u0434\u0430\u043d\u044b \u0432 \u0440\u0430\u043c\u043a\u0430\u0445 \u0444\u0435\u0441\u0442\u0438\u0432\u0430\u043b\u044f \u00ab\u041d\u0438\u0447\u0435\u0433\u043e \u0441\u0442\u0440\u0430\u0448\u043d\u043e\u0433\u043e\u00bb \u0432 2021 \u0433\u043e\u0434\u0443 \u0438 \u0436\u0438\u0432\u0443\u0442 \u043f\u043e \u0441\u0435\u0439 \u0434\u0435\u043d\u044c", "where_start": "\u041f\u043e\u0434\u043e\u0439\u0434\u0438\u0442\u0435 \u043a \u043e\u0431\u0449\u0435\u0441\u0442\u0432\u0435\u043d\u043d\u043e\u043c\u0443 \u043f\u0440\u043e\u0441\u0442\u0440\u0430\u043d\u0441\u0442\u0432\u0443 \u00ab\u0424\u0430\u043a\u0442\u0443\u0440\u0430\u00bb \u0438 \u043e\u0431\u0440\u0430\u0442\u0438\u0442\u0435 \u0432\u043d\u0438\u043c\u0430\u043d\u0438\u0435 \u043d\u0430 \u044f\u0440\u043a\u0438\u0435 \u043f\u043e\u0440\u0442\u0430\u043b\u044b \u043d\u0430 \u0437\u0430\u0431\u043e\u0440\u0435. \u0418\u043c\u0435\u043d\u043d\u043e \u043e\u043d\u0438 \u0438 \u043f\u0440\u0435\u0434\u0441\u0442\u0430\u0432\u043b\u044f\u044e\u0442 \u0443\u043b\u0438\u0447\u043d\u044b\u0435 \u0440\u0430\u0431\u043e\u0442\u044b \u0410\u0440\u0442 \u0410\u0431\u0441\u0442\u0440\u0430\u043a\u0442\u043e\u0432.", "order": 2}}, {"model": "excursion.exhibit", "pk": 12, "fields": {"route": 3, "name": "\u0411\u0435\u0437 \u043d\u0430\u0437\u0432\u0430\u043d\u0438\u044f", "address": "\u0443\u043b. \u041c\u043e\u0441\u043a\u043e\u0432\u0441\u043a\u0430\u044f, 69", "author": "Couple of creators", "question_for_reflection": "\u041a\u0430\u043a \u0434\u0443\u043c\u0430\u0435\u0442\u0435 \u043a\u0430\u043a \u043e\u043d\u0438 \u043f\u043e\u044f\u0432\u0438\u043b\u0438\u0441\u044c? \u041f\u043e\u0447\u0435\u043c\u0443?", "answer_for_reflection": "Couple of creators \u2014 \u0438\u0437\u0432\u0435\u0441\u0442\u043d\u044b\u0439 \u0440\u043e\u0441\u0442\u043e\u0432\u0441\u043a\u0438\u0439 \u0442\u0430\u043d\u0434\u0435\u043c, \u043a\u043e\u0442\u043e\u0440\u044b\u0439 \u0441\u043e\u0437\u0434\u0430\u0451\u0442 \u0443\u043b\u0438\u0447\u043d\u044b\u0435 \u0440\u0430\u0431\u043e\u0442\u044b \u0441 \u044f\u0440\u043a\u0438\u043c\u0438 \u0446\u0432\u0435\u0442\u0430\u043c\u0438 \u0438 \u043f\u0440\u0438\u044f\u0442\u0433\u0430\u0442\u0435\u043b\u044c\u043d\u044b\u043c\u0438 \u043c\u043e\u0442\u0438\u0432\u0438\u0440\u0443\u044e\u0449\u0438\u043c \u0444\u0440\u0430\u0437\u0430\u043c\u0438. \u0420\u0430\u0431\u043e\u0442\u0430 \u0441\u0442\u0430\u043b\u0430 \u043d\u043e\u0432\u044b\u043c \u0432\u0438\u0442\u043a\u043e\u043c \u0434\u043b\u044f \u043c\u0435\u0441\u0442\u0430 \u043d\u0430 \u043a\u043e\u0442\u043e\u0440\u043e\u043c \u043d\u0435\u043a\u043e\u0433\u0434\u0430 \u0440\u0443\u0445\u043d\u0443\u043b \u0434\u043e\u043c. \u041d\u0430 \u0435\u0433\u043e \u043c\u0435\u0441\u0442\u0435 \u0431\u044b\u043b \u0437\u0430\u043f\u043b\u0430\u043d\u0438\u0440\u043e\u0432\u0430\u043d \u0446\u0432\u0435\u0442\u043e\u0447\u043d\u044b\u0439 \u0440\u044b\u043d\u043e\u043a \u0438 \u0438\u043c\u0435\u043d\u043d\u043e \u043f\u043e\u044d\u0442\u043e\u043c\u0443 \u0445\u0443\u0434\u043e\u0436\u043d\u0438\u043a\u0438 \u0440\u0435\u0448\u0438\u043b\u0438 \u0441\u0434\u0435\u043b\u0430\u0442\u044c \u0440\u043e\u0441\u0441\u044b\u043f\u044c \u0438\u0437 \u043e\u0433\u0440\u043e\u043c\u043d\u044b\u0445 \u0446\u0432\u0435\u0442\u043e\u0432 \u043f\u043e \u0434\u0432\u0443\u043c \u0441\u0442\u0435\u043d\u0430\u043c!", "where_start": "\u041f\u043e\u0432\u0435\u0440\u043d\u0438\u0442\u0435 \u0441 \u0443\u043b\u0438\u0446\u044b \u0422\u0435\u043c\u0435\u0440\u043d\u0438\u0446\u043a\u043e\u0439 \u0438 \u043f\u0435\u0440\u0435\u0439\u0434\u0438\u0442\u0435 \u043a \u0440\u044b\u043d\u043a\u0443, \u0440\u0430\u0441\u043f\u043e\u043b\u043e\u0436\u0438\u0432\u0448\u0435\u043c\u0443\u0441\u044f \u043f\u043e \u043f\u0443\u0442\u0438 \u043a \u0443\u043b\u0438\u0446\u0435 \u041c\u043e\u0441\u043a\u043e\u0432\u0441\u043a\u0430\u044f.", "order": 3}}, {"model": "excursion.exhibit", "pk": 13, "fields": {"route": 3, "name": "\u0418\u043b\u0438 \u0438\u043b\u0438", "address": "\u0443\u043b. \u0422\u0435\u043c\u0435\u0440\u043d\u0438\u0446\u043a\u0430\u044f, 66", "author": "\u041c\u0438\u0448\u0430 \u041c\u0430\u0440\u043a\u0435\u0440", "question_for_reflection": "\u041a\u0430\u043a \u0432\u044b \u043e\u0449\u0443\u0449\u0430\u0435\u0442\u0435 \u0441\u0435\u0431\u044f \u0432 \u044d\u0442\u043e\u043c \u043f\u0440\u043e\u0441\u0442\u0440\u0430\u043d\u0441\u0442\u0432\u0435?", "answer_for_reflection": "\u0422\u0435\u043a\u0441\u0442\u043e\u0432\u0443\u044e \u0440\u0430\u0431\u043e\u0442\u0443 \u0441\u043e\u0437\u0434\u0430\u043b \u0438\u0437\u0432\u0435\u0441\u0442\u043d\u044b\u0439 \u0440\u0430\u0439\u0442\u0435\u0440 \u041c\u0438\u0448\u0430 \u041c\u0430\u0440\u043a\u0435\u0440. \u0418 \u043e\u0441\u043e\u0431\u0435\u043d\u043d\u043e \u0441\u0438\u043b\u044c\u043d\u043e \u0444\u0440\u0430\u0437\u0430 \u0437\u0432\u0443\u0447\u0438\u0442 \u0432 \u0440\u0443\u0438\u043d\u0438\u0437\u0438\u0440\u043e\u0432\u0430\u043d\u043d\u043e\u043c \u043a\u043e\u043d\u0442\u0435\u043a\u0441\u0442\u0435 \u0432\u043e\u043a\u0440\u0443\u0433, \u0441\u0442\u0430\u043d\u043e\u0432\u044f\u0441\u044c \u0441\u0438\u043c\u0432\u043e\u043b\u0438\u0447\u0435\u0441\u043a\u0438\u043c \u043e\u0431\u0440\u0430\u043c\u043b\u0435\u043d\u0438\u0435\u043c \u0444\u0440\u0430\u0437\u044b \u00ab\u043b\u0443\u0447\u0448\u0435, \u0447\u0435\u043c \u043d\u0438\u0447\u0435\u0433\u043e/ \u0445\u0443\u0436\u0435, \u0447\u0435\u043c \u0431\u044b\u043b\u043e\u00bb", "where_start": "\u0417\u0430\u0432\u0435\u0440\u043d\u0438\u0442\u0435 \u043d\u0430 \u0422\u0435\u043c\u0435\u0440\u043d\u0438\u0446\u043a\u0443\u044e \u043e\u0442 \u043f\u0435\u0440\u0435\u0443\u043b\u043a\u0430 \u0413\u0430\u0437\u0435\u0442\u043d\u043e\u0433\u043e \u0438 \u043f\u0440\u043e\u0439\u0434\u0438\u0442\u0435 \u0434\u043e \u043f\u0443\u0441\u0442\u044b\u0440\u044f. \u0421\u0440\u0435\u0434\u0438 \u0441\u0442\u0435\u043d \u0412\u044b \u043e\u0431\u043d\u0430\u0440\u0443\u0436\u0438\u0442\u0435 \u0447\u0451\u0442\u043a\u0438\u0439 \u0442\u0440\u0430\u0444\u0430\u0440\u0435\u0442\u043d\u044b\u0439 \u0447\u0451\u0440\u043d\u043e-\u0431\u0435\u043b\u044b\u0439 \u0442\u0435\u043a\u0441\u0442. \u041e\u043d \u043d\u0430\u043c \u0438 \u043d\u0443\u0436\u0435\u043d!", "order": 4}}, {"model": "excursion.exhibit", "pk": 14, "fields": {"route": 3, "name": "\u041a\u0432\u0430\u0440\u0442\u0435\u0442", "address": "\u0411\u0430\u0440 \u00ab\u041d\u0435\u0432\u0438\u043d\u043d\u043e\u0441\u0442\u044c\u00bb, \u0432\u043d\u0443\u0442\u0440\u0435\u043d\u043d\u0438\u0439 \u0434\u0432\u043e\u0440; \u0443\u043b. \u0421\u0443\u0432\u043e\u0440\u043e\u0432\u0430, 12", "author": "\u0410\u043d\u0434\u0440\u0435\u0439 Youraw", "question_for_reflection": "\u041a\u0430\u043a \u0434\u0443\u043c\u0430\u0435\u0442\u0435, \u043a\u0442\u043e \u0447\u0435\u0442\u0432\u0451\u0440\u0442\u044b\u0439?", "answer_for_reflection": "\u0410\u043d\u0434\u0440\u0435\u0439 \u0441\u0430\u043c \u0440\u0430\u0441\u0441\u043a\u0430\u0437\u0430\u043b \u043e \u0441\u0432\u043e\u0435\u0439 \u0440\u0430\u0431\u043e\u0442\u0435: \r\n__\u00ab\u042f \u0441\u043b\u0443\u0448\u0430\u044e \u043c\u043d\u043e\u0433\u043e \u043c\u0443\u0437\u044b\u043a\u0438 \u0438 \u0432 \u043a\u0430\u043a\u043e\u0439-\u0442\u043e \u043c\u043e\u043c\u0435\u043d\u0442, \u043a\u043e\u0433\u0434\u0430 \u044f \u043a\u0430\u043a \u0440\u0430\u0437 \u0440\u0430\u0437\u043c\u044b\u0448\u043b\u044f\u043b \u043e \u0444\u0435\u0441\u0442\u0438\u0432\u0430\u043b\u0435 \u00ab\u041d\u0438\u0447\u0435\u0433\u043e \u0441\u0442\u0440\u0430\u0448\u043d\u043e\u0433\u043e\u00bb, \u0443 \u043c\u0435\u043d\u044f \u0438\u0433\u0440\u0430\u043b\u0430 \u043f\u0435\u0441\u043d\u044f Blitzkrieg Bop \u0433\u0440\u0443\u043f\u043f\u044b Ramones. \u042f \u0440\u0435\u0448\u0438\u043b, \u0447\u0442\u043e \u0444\u0440\u0430\u0437\u0443 Hey ho, let's go \u0438\u043d\u0442\u0435\u0433\u0440\u0438\u0440\u0443\u044e \u0432 \u0441\u0432\u043e\u044e \u0440\u0430\u0431\u043e\u0442\u0443. \u0423 \u043c\u0435\u043d\u044f \u0431\u044b\u043b \u044d\u0441\u043a\u0438\u0437 \u043d\u0430 \u043c\u0443\u0437\u044b\u043a\u0430\u043b\u044c\u043d\u0443\u044e \u0442\u0435\u043c\u0443, \u044f \u0435\u0433\u043e \u043f\u0435\u0440\u0435\u0440\u0430\u0431\u043e\u0442\u0430\u043b, \u043d\u0430\u0448\u0435\u043b \u043f\u043e\u0434\u0445\u043e\u0434\u044f\u0449\u0438\u0435 \u043b\u0438\u0446\u0430 \u043c\u0443\u0437\u044b\u043a\u0430\u043d\u0442\u043e\u0432 \u0438 \u043d\u0430\u0440\u0438\u0441\u043e\u0432\u0430\u043b \u0438\u0445 \u0432 \u0441\u0432\u043e\u0435\u0439 \u0441\u0442\u0438\u043b\u0438\u0441\u0442\u0438\u043a\u0435 \u0433\u0438\u043f\u0435\u0440\u0442\u0440\u043e\u0444\u0438\u0440\u043e\u0432\u0430\u043d\u043d\u044b\u0445 \u043f\u0440\u043e\u043f\u043e\u0440\u0446\u0438\u0439. \u0412\u0441\u0435 \u0431\u044b\u043b\u043e \u0437\u0430\u0432\u044f\u0437\u0430\u043d\u043e \u043d\u0430 \u043c\u0443\u0437\u044b\u043a\u0435, \u043c\u043e\u0435\u043c \u043d\u0430\u0441\u0442\u0440\u043e\u0435\u043d\u0438\u0438 \u0438 \u0442\u043e\u043c \u0434\u0440\u0430\u0439\u0432\u0435, \u043a\u043e\u0442\u043e\u0440\u044b\u0439 \u0437\u0430\u043b\u043e\u0436\u0435\u043d \u0432 \u044d\u0442\u0443 \u043a\u043e\u043c\u043f\u043e\u0437\u0438\u0446\u0438\u044e. \u042f \u043f\u043e\u043a\u043e\u043f\u0430\u043b\u0441\u044f \u0432 \u0438\u0441\u0442\u043e\u0440\u0438\u0438 \u0433\u0440\u0443\u043f\u043f\u044b \u0438 \u0443\u0437\u043d\u0430\u043b, \u0447\u0442\u043e Blitzkrieg Bop \u0431\u044b\u043b\u0430 \u043d\u0430\u043f\u0438\u0441\u0430\u043d\u0430 \u043d\u0430 \u044d\u043c\u043e\u0446\u0438\u043e\u043d\u0430\u043b\u044c\u043d\u043e\u043c \u043f\u043e\u0440\u044b\u0432\u0435, \u043a\u043e\u0433\u0434\u0430 \u043f\u0430\u0440\u043d\u0438 \u0440\u0435\u0448\u0438\u043b\u0438 \u0432\u0441\u0435 \u0431\u0440\u043e\u0441\u0438\u0442\u044c \u0438 \u0441\u043e\u0440\u0432\u0430\u0442\u044c\u0441\u044f \u043d\u0430 \u043a\u043e\u043d\u0446\u0435\u0440\u0442 \u043b\u044e\u0431\u0438\u043c\u043e\u0439 \u0433\u0440\u0443\u043f\u043f\u044b. \u041c\u043e\u044f \u0440\u0430\u0431\u043e\u0442\u0430 \u0442\u043e\u0436\u0435 \u043e\u0431 \u044d\u0442\u043e\u043c. \u041c\u0443\u0437\u044b\u043a\u0430\u043d\u0442\u044b \u0432\u044b\u0448\u043b\u0438 \u043e\u0442\u043e\u0440\u0432\u0430\u0442\u044c\u0441\u044f, \u043f\u043e\u0438\u0433\u0440\u0430\u0442\u044c \u043a\u043b\u0430\u0441\u0441\u043d\u0443\u044e \u043c\u0443\u0437\u044b\u043a\u0443\u00bb.__\r\n\r\n\u0410 \u0447\u0435\u0442\u0432\u0451\u0440\u0442\u044b\u0439 \u0432 \u044d\u0442\u043e\u043c \u043a\u0432\u0430\u0440\u0442\u0435\u0442\u0435 \u0441\u0442\u0430\u043d\u043e\u0432\u0438\u0442\u0441\u044f \u0438\u043c\u0435\u043d\u043d\u043e \u0442\u044b, \u0434\u043e\u0440\u043e\u0433\u043e\u0439 \u0437\u0440\u0438\u0442\u0435\u043b\u044c!", "where_start": "\u0421\u043f\u0443\u0441\u0442\u0438\u0442\u0435\u0441\u044c \u0432 \u043f\u043e\u0434\u0437\u0435\u043c\u043d\u044b\u0439 \u043f\u0435\u0440\u0435\u0445\u043e\u0434 \u043d\u0430 \u043f\u0435\u0440\u0435\u0441\u0435\u0447\u0435\u043d\u0438\u0438 \u0443\u043b\u0438\u0446\u044b \u0421\u0430\u0434\u043e\u0432\u043e\u0439 \u0438 \u043f\u0440\u043e\u0441\u043f\u0435\u043a\u0442\u0430 \u0412\u043e\u0440\u043e\u0448\u0438\u043b\u043e\u0432\u0441\u043a\u043e\u0433\u043e. \u0417\u0430\u0442\u0435\u043c \u0412\u0430\u043c \u043d\u0430\u0434\u043e \u043f\u0440\u043e\u0439\u0442\u0438 \u043d\u0435\u043c\u043d\u043e\u0433\u043e \u0432\u0432\u0435\u0440\u0445 \u043f\u043e \u043f\u0440\u043e\u0441\u043f\u0435\u043a\u0442\u0443 \u0412\u043e\u0440\u043e\u0448\u0438\u043b\u043e\u0432\u0441\u043a\u043e\u043c\u0443, \u0437\u0430\u0432\u0435\u0440\u043d\u0443\u0442\u044c \u043f\u043e\u0434 \u0430\u0440\u043a\u0443 \u0420\u0413\u042d\u0423 \u0438 \u043f\u0440\u043e\u0439\u0442\u0438 \u043f\u0440\u044f\u043c\u043e \u0432 \u043d\u0435\u0451. \u0421\u043b\u0435\u0432\u0430 \u0412\u0430\u0441 \u0431\u0443\u0434\u0443\u0442 \u0436\u0434\u0430\u0442\u044c \u0442\u0451\u043c\u043d\u044b\u0435 \u043a\u043e\u0432\u0430\u043d\u044b\u0435 \u0432\u043e\u0440\u043e\u0442\u0430 \u0438 \u043d\u0435\u0431\u043e\u043b\u044c\u0448\u043e\u0439 \u0434\u0432\u043e\u0440 \u0441 \u044f\u0440\u043a\u0438\u043c \u043f\u0440\u043e\u0438\u0437\u0432\u0435\u0434\u0435\u043d\u0438\u0435\u043c \u0410\u043d\u0434\u0440\u0435\u044f Youraw.", "order": 5}}, {"model": "excursion.exhibit", "pk": 15, "fields": {"route": 3, "name": "\u0411\u0435\u0437 \u043d\u0430\u0437\u0432\u0430\u043d\u0438\u044f", "address": "\u043f\u0435\u0440. \u041c\u0430\u043b\u044b\u0439, 16", "author": "\u043d\u0435\u0438\u0437\u0432\u0435\u0441\u0442\u0435\u043d", "question_for_reflection": "\u041f\u0440\u0435\u0434\u043b\u0430\u0433\u0430\u0435\u043c \u0412\u0430\u043c \u043e\u0441\u043c\u043e\u0442\u0440\u0435\u0442\u044c\u0441\u044f \u0432\u043e\u043a\u0440\u0443\u0433. \u041a\u0430\u043a\u0438\u0435 \u043e\u0449\u0443\u0449\u0435\u043d\u0438\u044f \u0412\u044b \u0438\u0441\u043f\u044b\u0442\u044b\u0432\u0430\u0435\u0442\u0435, \u043e\u043a\u0430\u0437\u044b\u0432\u0430\u044f\u0441\u044c \u0432 \u0441\u0442\u043e\u043b\u044c \u0437\u0430\u0431\u0440\u043e\u0448\u0435\u043d\u043d\u043e\u043c, \u043d\u043e \u043e\u0431\u0440\u043e\u0441\u0448\u0435\u043c \u0443\u043b\u0438\u0447\u043d\u044b\u043c \u0438\u0441\u043a\u0443\u0441\u0441\u0442\u0432\u043e\u043c \u043f\u0440\u043e\u0441\u0442\u0440\u0430\u043d\u0441\u0442\u0432\u0435?", "answer_for_reflection": "\u042d\u0442\u043e \u043c\u0435\u0441\u0442\u043e \u0441\u043a\u0440\u044b\u0442\u043e \u043e\u0442 \u0433\u043b\u0430\u0437 \u0438 \u0448\u0443\u043c\u0430 \u0441\u0438\u0433\u043d\u0430\u043b\u043e\u0432 \u0441\u0432\u0435\u0442\u043e\u0444\u043e\u0440\u043e\u0432 \u0438 \u044f\u0432\u043b\u044f\u0435\u0442\u0441\u044f \u043a\u0440\u0430\u0439\u043d\u0435 \u0432\u0430\u0436\u043d\u044b\u043c \u043c\u0435\u0441\u0442\u043e\u043c \u0434\u043b\u044f \u0432\u0441\u0435\u0445 \u043f\u0440\u0438\u0447\u0430\u0441\u0442\u043d\u044b\u0445 \u043a \u0443\u043b\u0438\u0447\u043d\u043e\u0439 \u043a\u0443\u043b\u044c\u0442\u0443\u0440\u0435. \u041f\u0440\u0435\u0434\u043b\u0430\u0433\u0430\u0435\u043c \u0412\u0430\u043c \u0435\u0433\u043e \u043e\u0441\u043c\u043e\u0442\u0440\u0435\u0442\u044c \u0438 \u0434\u0430\u0436\u0435 \u0441\u0442\u0430\u0442\u044c \u043a\u043e\u043b\u043b\u0435\u043a\u0446\u0438\u043e\u043d\u0435\u0440\u043e\u043c \u0443\u043b\u0438\u0447\u043d\u043e\u0433\u043e \u0438\u0441\u043a\u0443\u0441\u0441\u0442\u0432\u0430, \u043f\u0440\u043e\u0441\u0442\u043e \u0441\u0434\u0435\u043b\u0430\u0432 \u043d\u0435\u0441\u043a\u043e\u043b\u044c\u043a\u043e \u043a\u0430\u0434\u0440\u043e\u0432 \u043f\u043e\u043d\u0440\u0430\u0432\u0438\u0432\u0448\u0438\u0445\u0441\u044f \u0440\u0430\u0431\u043e\u0442. \u0412\u043e\u0437\u043c\u043e\u0436\u043d\u043e, \u0443\u0436\u0435 \u0447\u0435\u0440\u0435\u0437 \u043d\u0435\u0434\u0435\u043b\u044e \u0438\u0445 \u043f\u0435\u0440\u0435\u043a\u0440\u043e\u0435\u0442 \u0434\u0440\u0443\u0433\u043e\u0439 \u0445\u0443\u0434\u043e\u0436\u043d\u0438\u043a, \u0432\u0435\u0434\u044c **\u0441\u043f\u043e\u0442** \u2013 \u043c\u0435\u0441\u0442\u043e \u0441\u0432\u043e\u0431\u043e\u0434\u043d\u043e\u0433\u043e \u0432\u044b\u0440\u0430\u0436\u0435\u043d\u0438\u044f \u0442\u0432\u043e\u0440\u0447\u0435\u0441\u043a\u0438\u0445 \u0437\u0430\u0434\u0443\u043c\u043e\u043a, \u043a\u043e\u0442\u043e\u0440\u044b\u0435 \u0447\u0430\u0441\u0442\u043e \u043f\u0435\u0440\u0435\u043a\u0440\u044b\u0432\u0430\u044e\u0442 \u0434\u0440\u0443\u0433\u0438\u0435 \u0440\u0430\u0431\u043e\u0442\u044b.", "where_start": "\u0412\u0430\u043c \u043d\u0443\u0436\u043d\u043e \u043f\u0440\u043e\u0439\u0442\u0438 \u0432\u0434\u043e\u043b\u044c \u043f\u043e \u043f\u0435\u0440\u0435\u0443\u043b\u043a\u0443 \u0413\u0430\u0437\u0435\u0442\u043d\u044b\u0439 \u0432 \u0441\u0442\u043e\u0440\u043e\u043d\u0443 \u0443\u043b\u0438\u0446\u0430 \u041f\u0443\u0448\u043a\u0438\u043d\u0441\u043a\u0430\u044f. \u041d\u043e \u043d\u0435 \u0434\u043e\u0445\u043e\u0434\u0438\u0442\u044c \u0434\u043e \u043d\u0435\u0451, \u0430 \u0437\u0430\u0432\u0435\u0440\u043d\u0443\u0442\u044c \u0432 \u043d\u0435\u043f\u0440\u0438\u043c\u0435\u0442\u043d\u044b\u0439 \u0438 \u043c\u0430\u043b\u043e\u044d\u0442\u0430\u0436\u043d\u044b\u0439 \u043f\u0435\u0440\u0435\u0443\u043b\u043e\u043a \u041c\u0430\u043b\u044b\u0439. \u041f\u0440\u043e\u0439\u0434\u044f \u0432\u0441\u0435 \u043e\u0434\u043d\u043e\u044d\u0442\u0430\u0436\u043d\u044b\u0435 \u0434\u0435\u0440\u0435\u0432\u044f\u043d\u043d\u044b\u0435 \u0434\u043e\u043c\u0430, \u0412\u0430\u043c \u043e\u0442\u043a\u0440\u043e\u0435\u0442\u0441\u044f \u0432\u0438\u0434 \u043d\u0430 \u043f\u0430\u0440\u043a\u043e\u0432\u043a\u0443 \u0441 \u043e\u0433\u0440\u043e\u043c\u043d\u044b\u043c \u0431\u0435\u0442\u043e\u043d\u043d\u044b\u043c \u0434\u043e\u043b\u0433\u043e\u0441\u0442\u0440\u043e\u0435\u043c \u2013 \u0412\u0430\u043c \u043e\u043d\u0438 \u0438 \u043d\u0443\u0436\u043d\u044b!", "order": 6}}, {"model": "excursion.exhibit", "pk": 17, "fields": {"route": 4, "name": "\u0414\u0435\u0432\u0443\u0448\u043a\u0430", "address": "\u0422\u0440\u0430\u043d\u0441\u0444\u043e\u0440\u043c\u0430\u0442\u043e\u0440\u043d\u0430\u044f \u0431\u0443\u0434\u043a\u0430 \u0440\u044f\u0434\u043e\u043c \u0441 \u0443\u043b. \u0421\u0435\u0434\u043e\u0432\u0430 8\u0410", "author": "\u0418\u043b\u044c\u044f \u041c\u043e\u0437\u0433\u0438", "question_for_reflection": "\u041a\u0430\u043a \u0434\u0443\u043c\u0430\u0435\u0442\u0435 \u043e \u0447\u0435\u043c \u043e\u043d\u0430? \u041a\u0430\u043a\u0438\u0435 \u043e\u0449\u0443\u0449\u0435\u043d\u0438\u044f \u0432 \u0432\u0430\u0441 \u0432\u044b\u0437\u044b\u0432\u0430\u0435\u0442?", "answer_for_reflection": "\u0418\u043b\u044c\u044f \u041c\u043e\u0437\u0433\u0438 \u0442\u0430\u043a \u0440\u0430\u0441\u0441\u043a\u0430\u0437\u0430\u043b \u043e \u0440\u0430\u0431\u043e\u0442\u0435: \r\n__\u00ab\u041c\u043d\u0435 \u0441\u043b\u043e\u0436\u043d\u043e \u043e\u043f\u0438\u0441\u0430\u0442\u044c \u044d\u0442\u043e\u0442 \u043e\u0431\u0440\u0430\u0437, \u044f \u0438\u043d\u0442\u0435\u0440\u043f\u0440\u0435\u0442\u0438\u0440\u0443\u044e \u0435\u0433\u043e \u043f\u043e-\u0441\u0432\u043e\u0435\u043c\u0443, \u0438 \u043f\u0443\u0441\u0442\u044c \u0437\u0440\u0438\u0442\u0435\u043b\u0438 \u0441\u0434\u0435\u043b\u0430\u044e\u0442 \u0441\u0432\u043e\u0438 \u0432\u044b\u0432\u043e\u0434\u044b. \u041b\u043e\u0434\u043a\u0430 \u043d\u0430 \u0432\u043e\u0434\u043d\u043e\u0439 \u043c\u0435\u043b\u0438, \u0435\u0435 \u043e\u0441\u0442\u0430\u0432\u0438\u043b\u0438, \u0447\u0435\u043b\u043e\u0432\u0435\u043a \u0443\u0448\u0435\u043b\\. \u041a\u0442\u043e \u0445\u043e\u0437\u044f\u0438\u043d \u043b\u043e\u0434\u043a\u0438? \u0414\u0435\u0432\u0443\u0448\u043a\u0430? \u0427\u0435\u043b\u043e\u0432\u0435\u043a \u0431\u0440\u043e\u0441\u0438\u043b \u043b\u043e\u0434\u043a\u0443 \u0438 \u0432\u044b\u0434\u0435\u0440\u0436\u0438\u0432\u0430\u0435\u0442 \u043f\u0430\u0443\u0437\u0443, \u0447\u0442\u043e\u0431\u044b \u043f\u0440\u043e\u0434\u043e\u043b\u0436\u0438\u0442\u044c \u0441\u0432\u043e\u0439 \u043f\u0443\u0442\u044c? \u0418\u043b\u0438 \u043e\u043d \u0435\u0435 \u0431\u0440\u043e\u0441\u0438\u043b \u043d\u0430\u0441\u043e\u0432\u0441\u0435\u043c? \u042d\u0442\u043e \u0432\u043e\u043f\u0440\u043e\u0441\u044b \u0434\u043b\u044f \u0440\u0430\u0441\u0441\u0443\u0436\u0434\u0435\u043d\u0438\u044f\u00bb\\.__", "where_start": "\u0412\u0430\u043c \u043d\u0435\u043e\u0431\u0445\u043e\u0434\u0438\u043c\u043e \u0434\u043e\u0439\u0442\u0438 \u0434\u043e \u043f\u0435\u0440\u0435\u0441\u0435\u0447\u0435\u043d\u0438\u044f \u0443\u043b\u0438\u0446\u044b \u0421\u0435\u0434\u043e\u0432\u0430 \u0438 \u043f\u0440\u043e\u0441\u043f\u0435\u043a\u0442\u0430 \u0427\u0435\u0445\u043e\u0432\u0430 \u0438 \u043e\u0431\u0440\u0430\u0442\u0438\u0442\u044c \u0432\u043d\u0438\u043c\u0430\u043d\u0438\u0435 \u043d\u0430 \u0431\u0435\u043b\u0435\u044e\u0449\u0443\u044e \u0442\u0440\u0430\u043d\u0441\u0444\u043e\u0440\u043c\u0430\u0442\u043e\u0440\u043d\u0443\u044e \u0431\u0443\u0434\u043a\u0443 \u0441\u043f\u0440\u0430\u0432\u0430\\.", "order": 2}}, {"model": "excursion.exhibit", "pk": 18, "fields": {"route": 4, "name": "\u0411\u0435\u0437 \u043d\u0430\u0437\u0432\u0430\u043d\u0438\u044f", "address": "\u0443\u043b. \u041a\u0440\u0430\u0441\u043d\u044b\u0445 \u0417\u043e\u0440\u044c, 23", "author": "\u041c\u0430\u043a\u0441\u0438\u043c \u0418\u043c\u0430", "question_for_reflection": "\u041a\u0430\u043a \u0434\u0443\u043c\u0430\u0435\u0442\u0435, \u043a\u0430\u043a \u0438\u043c\u0435\u043d\u043d\u043e \u0432\u0437\u0430\u0438\u043c\u043e\u0434\u0435\u0439\u0441\u0442\u0432\u0443\u0435\u0442 \u0441 \u043c\u0435\u0441\u0442\u043d\u043e\u0441\u0442\u044c\u044e \u041c\u0430\u043a\u0441\u0438\u043c \u0418\u043c\u0430 \u0432 \u044d\u0442\u043e\u0439 \u0440\u0430\u0431\u043e\u0442\u0435?", "answer_for_reflection": "\u00ab\u0411\u044b\u043b\u0430 \u0441\u043e\u0437\u0434\u0430\u043d\u0430 \u0432\u043e\u0442 \u0442\u0430\u043a\u0430\u044f \u0430\u0431\u0441\u0442\u0440\u0430\u043a\u0442\u043d\u043e-\u0446\u0432\u0435\u0442\u043e\u0447\u043d\u0430\u044f \u043a\u043e\u043c\u043f\u043e\u0437\u0438\u0446\u0438\u044f, \u0433\u0434\u0435 \u0441\u0442\u0432\u043e\u043b \u0434\u0435\u0440\u0435\u0432\u0430 \u0443\u0445\u043e\u0434\u0438\u0442 \u0432 \u0432\u0435\u0440\u0445\u043d\u044e\u044e \u0447\u0430\u0441\u0442\u044c \u0441\u0442\u0435\u043d\u044b \u0438 \u0432\u0438\u0437\u0443\u0430\u043b\u044c\u043d\u043e \u0441 \u043e\u043f\u0440\u0435\u0434\u0435\u043b\u0435\u043d\u043d\u043e\u0439 \u0442\u043e\u0447\u043a\u0438 \u044f\u0432\u043b\u044f\u0435\u0442\u0441\u044f \u043d\u0430\u0447\u0430\u043b\u043e\u043c \u0436\u0438\u0432\u043e\u0433\u043e \u0434\u0435\u0440\u0435\u0432\u0430, \u043a\u043e\u0442\u043e\u0440\u043e\u0435 \u0440\u0430\u0441\u0442\u0435\u0442 \u043d\u0430 \u0443\u0440\u043e\u0432\u043d\u0435 \u0432\u0442\u043e\u0440\u043e\u0433\u043e \u044d\u0442\u0430\u0436\u0430. \u0421\u043c\u044b\u0441\u043b \u0437\u0434\u0435\u0441\u044c \u043e\u0447\u0435\u043d\u044c \u043f\u0440\u043e\u0441\u0442\u043e\u0439. \u041c\u043d\u0435 \u0445\u043e\u0442\u0435\u043b\u043e\u0441\u044c \u043f\u043e\u043a\u0430\u0437\u0430\u0442\u044c, \u0447\u0442\u043e \u0433\u0440\u0430\u0444\u0444\u0438\u0442\u0438 \u0438 \u0441\u0442\u0440\u0438\u0442-\u0430\u0440\u0442 \u0432\u043f\u043e\u043b\u043d\u0435 \u043c\u043e\u0433\u0443\u0442 \u0434\u043e\u043f\u043e\u043b\u043d\u044f\u0442\u044c \u0433\u043e\u0440\u043e\u0434\u0441\u043a\u0443\u044e \u0441\u0440\u0435\u0434\u0443, \u0430 \u043d\u0435 \u0442\u043e\u043b\u044c\u043a\u043e \u0435\u0435 \u0434\u0435\u0441\u0442\u0440\u0443\u043a\u0442\u0443\u0440\u0438\u0440\u043e\u0432\u0430\u0442\u044c\u00bb \u2013 \u043f\u0440\u043e\u0434\u043e\u043b\u0436\u0430\u0435\u0442 \u041c\u0430\u043a\u0441\u0438\u043c \u0432 \u043a\u043e\u043c\u043c\u0435\u043d\u0442\u0430\u0440\u0438\u0438 \u043a \u043f\u0440\u043e\u0438\u0437\u0432\u0435\u0434\u0435\u043d\u0438\u044e. \r\n\r\n\u0414\u0435\u0439\u0441\u0442\u0432\u0438\u0442\u0435\u043b\u044c\u043d\u043e, \u0435\u0441\u043b\u0438 \u0437\u0430\u0434\u0443\u043c\u0430\u0442\u044c\u0441\u044f, \u0443\u043b\u0438\u0447\u043d\u043e\u0435 \u0438\u0441\u043a\u0443\u0441\u0441\u0442\u0432\u043e \u0447\u0430\u0441\u0442\u043e \u043f\u0440\u043e\u0446\u0432\u0435\u0442\u0430\u0435\u0442 \u0432 \u0437\u0430\u0431\u0440\u043e\u0448\u0435\u043d\u043d\u044b\u0445 \u0438\u043b\u0438 \u0440\u0430\u0437\u0440\u0443\u0448\u0435\u043d\u043d\u044b\u0445 \u0437\u0434\u0430\u043d\u0438\u044f\u0445, \u0441\u043b\u043e\u0432\u043d\u043e \u0441\u0442\u0430\u043d\u043e\u0432\u044f\u0441\u044c \u0435\u0449\u0451 \u043e\u0434\u043d\u0438\u043c \u0441\u043b\u0435\u0434\u043e\u043c \u0432 \u0447\u0435\u0440\u0435\u0434\u0435 \u0440\u0430\u0437\u0440\u0443\u0448\u0435\u043d\u0438\u0439. \u041d\u043e \u0442\u0430\u043a \u0431\u044b\u0432\u0430\u0435\u0442 \u043d\u0435 \u0432\u0441\u0435\u0433\u0434\u0430. \u041d\u0430\u043f\u0440\u0438\u043c\u0435\u0440, \u0437\u0434\u0435\u0441\u044c \u2013 \u0440\u0430\u0431\u043e\u0442\u0430 \u041c\u0430\u043a\u0441\u0438\u043c\u0430 \u0441\u0442\u0430\u043d\u043e\u0432\u0438\u0442\u0441\u044f \u0433\u0430\u0440\u043c\u043e\u043d\u0438\u0447\u043d\u044b\u043c \u043f\u0440\u043e\u0434\u043e\u043b\u0436\u0435\u043d\u0438\u0435\u043c \u0434\u0435\u0440\u0435\u0432\u0430 \u0438 \u044f\u0440\u043a\u0438\u043c \u043f\u0435\u0440\u0435\u0445\u043e\u0434\u043e\u043c \u043c\u0435\u0436\u0434\u0443 \u0434\u0432\u0443\u043c\u044f \u043c\u043d\u043e\u0433\u043e\u043a\u0432\u0430\u0440\u0442\u0438\u0440\u043d\u044b\u043c\u0438 \u0434\u043e\u043c\u0430\u043c\u0438.", "where_start": "\u041f\u0440\u043e\u0439\u0442\u0438 \u0432\u0432\u0435\u0440\u0445 \u043f\u043e \u043f\u0440\u043e\u0441\u043f\u0435\u043a\u0442\u0443 \u0427\u0435\u0445\u043e\u0432\u0430, \u043f\u043e\u0432\u0435\u0440\u043d\u0443\u0442\u044c \u043f\u043e \u0443\u043b\u0438\u0446\u0435 \u041a\u0440\u0430\u0441\u043d\u044b\u0445 \u0417\u043e\u0440\u044c \u0438 \u0434\u043e\u0439\u0442\u0438 \u0434\u043e \u043c\u043d\u043e\u0433\u043e\u044d\u0442\u0430\u0436\u043d\u043e\u0433\u043e \u0434\u043e\u043c\u0430 \u043d\u043e\u043c\u0435\u0440 23. \u041e\u0431\u0440\u0430\u0442\u0438\u0442\u0435 \u0432\u043d\u0438\u043c\u0430\u043d\u0438\u0435 \u043d\u0430 \u0441\u0442\u0435\u043d\u0443 \u043c\u0435\u0436\u0434\u0443 \u0434\u043e\u043c\u0430\u043c\u0438. \u0418\u043c\u0435\u043d\u043d\u043e \u043d\u0430 \u043d\u0435\u0439 \u0440\u0430\u0441\u043f\u043e\u043b\u043e\u0436\u0438\u043b\u0441\u044f \u044f\u0440\u043a\u0438\u0439 \u0440\u0438\u0441\u0443\u043d\u043e\u043a \u041c\u0430\u043a\u0441\u0438\u043c\u0430 \u0418\u043c\u044b!", "order": 3}}, {"model": "excursion.exhibit", "pk": 19, "fields": {"route": 4, "name": "\u041d\u0438\u043a\u043e\u043c\u0443 \u043d\u0435 \u043b\u0435\u0433\u0447\u0435", "address": "\u043f\u0435\u0440. \u041a\u0440\u044b\u043b\u043e\u0432\u0441\u043a\u043e\u0439, 14", "author": "\u0418\u043b\u044c\u044f \u041c\u043e\u0437\u0433\u0438", "question_for_reflection": "\u041a\u0430\u043a \u0434\u0443\u043c\u0430\u0435\u0442\u0435 \u043f\u043e\u0447\u0435\u043c\u0443 \u0444\u0440\u0430\u0437\u0430 \u043d\u0430\u043f\u0438\u0441\u0430\u043d\u0430 \u0437\u0435\u0440\u043a\u0430\u043b\u044c\u043d\u044b\u043c \u0441\u043f\u043e\u0441\u043e\u0431\u043e\u043c? \u0412\u043e\u0437\u043c\u043e\u0436\u043d\u043e, \u0435\u0441\u043b\u0438 \u0432\u043a\u043b\u044e\u0447\u0438\u0442\u044c \u0444\u0440\u043e\u043d\u0442\u0430\u043b\u044c\u043d\u0443\u044e \u043a\u0430\u043c\u0435\u0440\u0443 \u0442\u0435\u043b\u0435\u0444\u043e\u043d\u0430, \u043f\u0440\u043e\u0438\u0437\u043e\u0439\u0434\u0435\u0442 \u043d\u0435\u043e\u0436\u0438\u0434\u0430\u043d\u043d\u044b\u0439 \u044d\u0444\u0444\u0435\u043a\u0442 \u043e\u0442 \u0435\u0451 \u043f\u0440\u043e\u0447\u0442\u0435\u043d\u0438\u044f.", "answer_for_reflection": "\u042d\u0442\u0430 \u0432\u0442\u043e\u0440\u0430\u044f \u043d\u0430 \u043d\u0430\u0448\u0435\u043c \u043c\u0430\u0440\u0448\u0440\u0443\u0442\u0435 \u0441\u0434\u0435\u043b\u0430\u043d\u043d\u0430\u044f \u0418\u043b\u044c\u0435\u0439 \u041c\u043e\u0437\u0433\u0438 \u0432 \u0440\u0430\u043c\u043a\u0430\u0445 \u0444\u0435\u0441\u0442\u0438\u0432\u0430\u043b\u044f \u00ab\u041d\u0438\u0447\u0435\u0433\u043e \u0441\u0442\u0440\u0430\u0448\u043d\u043e\u0433\u043e\u00bb \u043b\u0435\u0442\u043e\u043c 2022 \u0433\u043e\u0434\u0430\\. \r\n\r\n_\u00ab\u0426\u0435\u043d\u0442\u0440\u0430\u043b\u044c\u043d\u0430\u044f \u0447\u0430\u0441\u0442\u044c \u0420\u043e\u0441\u0442\u043e\u0432\u0430 \u043e\u0431\u043b\u0430\u0434\u0430\u0435\u0442 \u043e\u0441\u043e\u0431\u044b\u043c \u0448\u0430\u0440\u043c\u043e\u043c \u0443\u0433\u0430\u0441\u0430\u044e\u0449\u0435\u0439 \u043a\u0440\u0430\u0441\u043e\u0442\u044b\\. \u041a\u0432\u0430\u0440\u0442\u0430\u043b\u044b \u0431\u044b\u043b\u043e\u0433\u043e \u043d\u0430\u0441\u043b\u0435\u0434\u0438\u044f \u043d\u0435 \u0440\u0435\u043c\u043e\u043d\u0442\u0438\u0440\u0443\u0435\u0442\u0441\u044f, \u043b\u0438\u0431\u043e \u043d\u0435 \u043f\u043e\u0434\u043b\u0435\u0436\u0430\u0442 \u0432\u043e\u0441\u0441\u0442\u0430\u043d\u043e\u0432\u043b\u0435\u043d\u0438\u044e\\. \u041a \u0441\u043b\u043e\u0432\u0443, \u043f\u0440\u0438 \u043c\u043d\u0435 \u0441\u043d\u043e\u0441\u0438\u043b\u0438 \u043d\u0435\u0441\u043a\u043e\u043b\u044c\u043a\u043e \u043e\u0431\u044a\u0435\u043a\u0442\u043e\u0432 \u0432 \u0440\u0430\u0437\u043d\u044b\u0445 \u043c\u0435\u0441\u0442\u0430\u0445 \u0433\u043e\u0440\u043e\u0434\u0430\\. \u0422\u044f\u0436\u0435\u043b\u043e \u0441\u043c\u043e\u0442\u0440\u0435\u0442\u044c \u043d\u0430 \u0432\u0435\u0442\u0445\u0443\u044e \u0438\u0441\u0442\u043e\u0440\u0438\u0447\u0435\u0441\u043a\u0443\u044e \u0437\u0430\u0441\u0442\u0440\u043e\u0439\u043a\u0443, \u043d\u043e \u0436\u0438\u0442\u044c \u043d\u0430 \u0440\u0430\u0437\u0432\u0430\u043b\u0438\u043d\u0430\u0445 \u043d\u0435 \u043b\u0435\u0433\u0447\u0435\u00bb_ \u2013 \u0432\u0435\u0441\u044c\u043c\u0430 \u043e\u0441\u0442\u0440\u043e\u0439 \u0432\u043e\u043f\u0440\u043e\u0441 \u043f\u043e\u0434\u043d\u0438\u043c\u0430\u0435\u0442 \u0418\u043b\u044c\u044f \u041c\u043e\u0437\u0433\u0438 \u0432 \u0441\u0432\u043e\u0451\u043c \u043f\u0440\u043e\u0438\u0437\u0432\u0435\u0434\u0435\u043d\u0438\u0438, \u043d\u0430\u043d\u043e\u0441\u044f \u0431\u0443\u043a\u0432\u044b \u043d\u0430 \u0444\u0430\u0441\u0430\u0434 \u0441 \u0435\u0449\u0451 \u0437\u0430\u0441\u0442\u0435\u043a\u043b\u0451\u043d\u043d\u044b\u043c \u043e\u043a\u043d\u043e\u043c \u0438 \u043d\u0435\u0431\u043e\u043b\u044c\u0448\u0438\u043c \u043a\u0443\u0441\u043e\u0447\u043a\u043e\u043c \u0443\u0446\u0435\u043b\u0435\u0432\u0448\u0438\u0445 \u043e\u0431\u043e\u0435\u0432\\.\r\n<MarkdownV2>", "where_start": "\u0414\u0430\u043b\u0435\u0435, \u043d\u0430\u043c \u043d\u0435\u043e\u0431\u0445\u043e\u0434\u0438\u043c\u043e \u043f\u043e\u0432\u0435\u0440\u043d\u0443\u0442\u044c \u043d\u0430\u0437\u0430\u0434 \u043f\u043e \u0443\u043b\u0438\u0446\u0435 \u041a\u0440\u0430\u0441\u043d\u044b\u0445 \u0417\u043e\u0440\u044c \u0438 \u0434\u043e\u0439\u0442\u0438 \u0434\u043e \u043f\u0435\u0440\u0435\u0441\u0435\u0447\u0435\u043d\u0438\u044f \u0441 \u043f\u0435\u0440\u0435\u0443\u043b\u043a\u043e\u0432 \u041a\u0440\u044b\u043b\u043e\u0432\u0441\u043a\u0438\u043c. \u0412\u0432\u0435\u0440\u0445 \u043f\u043e \u041a\u0440\u044b\u043b\u043e\u0432\u0441\u043a\u043e\u043c\u0443 (\u043f\u043e \u043f\u0440\u0430\u0432\u043e\u0439 \u0441\u0442\u043e\u0440\u043e\u043d\u0435) \u0412\u0430\u043c \u043d\u0435\u043e\u0431\u0445\u043e\u0434\u0438\u043c\u043e \u0434\u043e\u0439\u0442\u0438 \u0434\u043e \u0434\u043e\u043c\u0430 \u043d\u043e\u043c\u0435\u0440\u0430 14, \u043f\u0440\u044f\u043c\u043e \u0437\u0430 \u043d\u0438\u043c \u043e\u043a\u0430\u0436\u0435\u0442\u0441\u044f \u043f\u0443\u0441\u0442\u044b\u0440\u044c \u0441 \u0440\u0430\u0431\u043e\u0442\u043e\u0439 \u0418\u043b\u044c\u0438 \u041c\u043e\u0437\u0433\u0438.", "order": 4}}, {"model": "excursion.exhibit", "pk": 20, "fields": {"route": 4, "name": "\u041f\u0443\u0441\u0442\u044c \u0446\u0432\u0435\u0442\u0443\u0442 \u0432\u0441\u0435 \u0446\u0432\u0435\u0442\u044b", "address": "\u0443\u043b. \u041f\u0435\u0442\u0440\u043e\u0432\u0441\u043a\u0430\u044f, 12", "author": "\u0414\u0430\u043d\u044f \u041d\u043e\u0447\u044c", "question_for_reflection": "\u041a\u0430\u043a\u0430\u044f? \u041a\u0430\u043a\u0438\u0435 \u0435\u0449\u0451 \u0434\u0435\u0442\u0430\u043b\u0438 \u0446\u0435\u043f\u043b\u044f\u044e\u0442 \u0412\u0430\u0448\u0435 \u0432\u043d\u0438\u043c\u0430\u043d\u0438\u0435?", "answer_for_reflection": "\u041f\u0435\u0440\u0435\u0434 \u0412\u0430\u043c\u0438  \u0438\u043d\u0442\u0435\u0440\u0435\u0441\u043d\u0430\u044f \u0440\u0430\u0431\u043e\u0442\u044b\\, \u0441\u043e\u0437\u0434\u0430\u043d\u043d\u0430\u044f \u0440\u043e\u0441\u0442\u043e\u0432\u0441\u043a\u0438\u043c \u0443\u043b\u0438\u0447\u043d\u044b\u043c \u0445\u0443\u0434\u043e\u0436\u043d\u0438\u043a\u043e\u043c \u2013 \u0414\u0430\u043d\u0435\u0439 \u041d\u043e\u0447\u044c\\. _\u00ab\u0421\u0442\u0435\u043d\u0443 \u0434\u043b\u044f \u0441\u0432\u043e\u0435\u0439 \u0440\u0430\u0431\u043e\u0442\u044b \u043d\u0430 \u0444\u0435\u0441\u0442\u0438\u0432\u0430\u043b\u0435 \"\u041d\u0438\u0447\u0435\u0433\u043e \u0441\u0442\u0440\u0430\u0448\u043d\u043e\u0433\u043e\" \u044f \u0432\u044b\u0431\u0440\u0430\u043b \u0438\u0437\\-\u0437\u0430 \u0444\u0430\u043a\u0442\u0443\u0440\u044b\\. \u041a \u043d\u0435\u0439 \u0445\u043e\u0447\u0435\u0442\u0441\u044f \u043f\u0440\u043e\u044f\u0432\u0438\u0442\u044c \u0443\u0432\u0430\u0436\u0435\u043d\u0438\u0435\\. \u041e\u043d\u0430 \u0443\u0436\u0435 \u043d\u0435 \u043c\u043e\u043b\u043e\u0434\u0430 \u0438 \u043c\u043d\u043e\u0433\u043e\u0435 \u043f\u043e\u0432\u0438\u0434\u0430\u043b\u0430\\. \u042f \u0437\u043d\u0430\u043b\\, \u0447\u0442\u043e \u0441 \u043d\u0435\u0439 \u0431\u0443\u0434\u0435\u0442 \u043d\u0435 \u043f\u0440\u043e\u0441\u0442\u043e\\, \u043d\u043e \u0442\u0435\u043c \u0438\u043d\u0442\u0435\u0440\u0435\u0441\u043d\u0435\u0439\\. \u042f \u0432\u0438\u0434\u0435\u043b \u0432 \u043d\u0435\u0439 \u043a\u0440\u0430\u0441\u043e\u0442\u0443\\, \u043a\u043e\u0442\u043e\u0440\u0443\u044e \u043f\u043e\u043f\u044b\u0442\u0430\u043b\u0441\u044f \u0440\u0430\u0441\u043a\u0440\u044b\u0442\u044c \u0447\u0435\u0440\u0435\u0437 \u0441\u0432\u043e\u044e \u0440\u0430\u0431\u043e\u0442\u0443\\. \u041c\u043d\u0435 \u0445\u043e\u0442\u0435\u043b\u043e\u0441\u044c \u043e\u0442\u0440\u0430\u0437\u0438\u0442\u044c \u0434\u0432\u043e\u0439\u0441\u0442\u0432\u0435\u043d\u043d\u043e\u0441\u0442\u044c \u043c\u0438\u0440\u0430\\, \u0432 \u043a\u043e\u0442\u043e\u0440\u043e\u043c \u043c\u044b \u0436\u0438\u0432\u0435\u043c\\. \u0426\u0432\u0435\u0442\u044b \u0437\u0434\u0435\u0441\u044c \u0441\u0438\u043c\u0432\u043e\u043b\u0438\u0437\u0438\u0440\u0443\u044e\u0442 \u043f\u0440\u0438\u0440\u043e\u0434\u0443 \u2013 \u0435\u0441\u0442\u0435\u0441\u0442\u0432\u0435\u043d\u043d\u0443\u044e \u0441\u0440\u0435\u0434\u0443\\, \u0430 \u0434\u0432\u043e\u0438\u0447\u043d\u044b\u0439 \u043a\u043e\u0434 \\- \u0438\u0441\u043a\u0443\u0441\u0441\u0442\u0432\u0435\u043d\u043d\u0443\u044e \u0446\u0438\u0444\u0440\u043e\u0432\u0443\u044e\\. \u041c\u044b \u0438 \u0442\u0430\u043c \u0438 \u0442\u0430\u043c\\, \u043a\u0430\u043a \u0431\u0443\u0434\u0442\u043e \u0432 \u043f\u043e\u0433\u0440\u0430\u043d\u0438\u0447\u043d\u043e\u043c\\, \u043f\u0435\u0440\u0435\u0445\u043e\u0434\u043d\u043e\u043c \u0441\u043e\u0441\u0442\u043e\u044f\u043d\u0438\u0438\\. \"\u041f\u0443\u0441\u0442\u044c \u0446\u0432\u0435\u0442\u0443\u0442 \u0432\u0441\u0435 \u0446\u0432\u0435\u0442\u044b\" \\- \u044d\u0442\u043e \u043d\u0435 \u0442\u043e\u043b\u044c\u043a\u043e \u043e \u0446\u0432\u0435\u0442\u0430\u0445\\. \u042d\u0442\u043e \u0438 \u043e \u0446\u0438\u0444\u0440\u0430\u0445\\. \u0412 \u0435\u0434\u0438\u043d\u0438\u0446\u0430\u0445 \u0438 \u043d\u0443\u043b\u044f\u0445 \u0448\u0438\u0444\u0440\u0443\u0435\u0442\u0441\u044f \u0438\u043d\u0444\u043e\u0440\u043c\u0430\u0446\u0438\u044f\\, \u0435\u0441\u043b\u0438 \u0435\u0434\u0438\u043d\u0438\u0446\u044b \u0438 \u043d\u0443\u043b\u0438 \u0446\u0432\u0435\u0442\u0443\u0442 \\- \u0434\u0430\u043d\u043d\u044b\u0435 \u0440\u0430\u0441\u043f\u0440\u043e\u0441\u0442\u0440\u0430\u043d\u044f\u044e\u0442\u0441\u044f\\. \u0418 \u0440\u0430\u0437 \u0443\u0436 \u043c\u044b \u0436\u0438\u0432\u0435\u043c \u0432 \u0434\u0432\u0443\u0445 \u043c\u0438\u0440\u0430\u0445\\, \u043f\u0443\u0441\u0442\u044c \u0446\u0432\u0435\u0442\u0443\u0442 \u0438 \u0446\u0432\u0435\u0442\u044b\\, \u0438 \u0446\u0438\u0444\u0440\u044b\u00bb_ \u2013 \u043f\u0438\u0448\u0435\u0442 \u0414\u0430\u043d\u044f\\.\r\n<MarkdownV2>", "where_start": "\u0421\u043b\u0435\u0434\u0443\u044e\u0449\u0435\u0439 \u0442\u043e\u0447\u043a\u043e\u0439 \u0432 \u043d\u0430\u0448\u0435\u043c \u043c\u0430\u0440\u0448\u0440\u0443\u0442\u0435 \u0431\u0443\u0434\u0435\u0442 \u0440\u0430\u0431\u043e\u0442\u0430, \u043d\u0430\u043d\u0435\u0441\u0451\u043d\u043d\u0430\u044f \u043d\u0430 \u0441\u0442\u0435\u043d\u0443, \u043e\u0441\u0442\u0430\u0432\u0448\u0443\u044e\u0441\u044f \u043e\u0442 \u0434\u043e\u043c\u0430. \u0427\u0442\u043e\u0431\u044b \u0434\u043e \u043d\u0435\u0433\u043e \u0434\u043e\u0431\u0440\u0430\u0442\u044c\u0441\u044f, \u0412\u0430\u043c \u043d\u0435\u043e\u0431\u0445\u043e\u0434\u0438\u043c\u043e \u043f\u043e\u0434\u043d\u044f\u0442\u044c\u0441\u044f \u0432\u0432\u0435\u0440\u0445 \u043f\u043e \u043f\u0435\u0440\u0435\u0443\u043b\u043a\u0443 \u041a\u0440\u044b\u043b\u043e\u0432\u0441\u043a\u043e\u043c\u0443 \u0434\u043e \u0443\u043b\u0438\u0446\u044b \u041f\u0435\u0440\u043e\u0432\u0441\u043a\u043e\u0439", "order": 5}}, {"model": "excursion.exhibit", "pk": 21, "fields": {"route": 4, "name": "\u0421\u043f\u043e\u0442 \u043d\u0430 \u0423\u043d\u0438\u0432\u0435\u0440\u0441\u0438\u0442\u0435\u0442\u0441\u043a\u043e\u043c", "address": "\u043f\u0435\u0440. \u0423\u043d\u0438\u0432\u0435\u0440\u0441\u0438\u0442\u0435\u0442\u0441\u043a\u0438\u0439, 24", "author": "\u0413\u0440\u0443\u043f\u043f\u0430 \u0443\u043b\u0438\u0447\u043d\u044b\u0445 \u0445\u0443\u0434\u043e\u0436\u043d\u0438\u043a\u043e\u0432", "question_for_reflection": "\u0417\u043d\u0430\u0435\u0442\u0435 \u043b\u0438 \u0432\u044b \u0447\u0442\u043e-\u0442\u043e \u043f\u0440\u043e \u0441\u0442\u0440\u0438\u0442-\u0445\u0430\u043d\u0442\u0435\u0440\u0441\u0442\u0432\u043e?", "answer_for_reflection": "\u041d\u0430 \u0444\u043e\u0442\u043e\u0433\u0440\u0430\u0444\u0438\u0438 \u0441\u043f\u043e\u0442\u0430 \u0437\u0430\u043f\u0435\u0447\u0430\u0442\u043b\u0435\u043d\u0430 \u0440\u0430\u0431\u043e\u0442\u0430 \u041c\u0430\u043a\u0441\u0438\u043c\u0430 \u0418\u043c\u044b \u0432 \u044f\u043d\u0432\u0430\u0440\u0435 2023. \u041d\u043e \u0432\u0441\u043a\u043e\u0440\u0435 \u043e\u043d\u0430 \u0431\u044b\u043b\u0430 \u043f\u0435\u0440\u0435\u043a\u0440\u044b\u0442\u0430 \u0434\u0440\u0443\u0433\u0438\u043c \u0430\u0432\u0442\u043e\u0440\u043e\u043c. \u0418 \u0437\u0434\u0435\u0441\u044c \u0442\u0430\u043a \u043f\u0440\u043e\u0438\u0441\u0445\u043e\u0434\u0438\u0442 \u043f\u043e\u0441\u0442\u043e\u044f\u043d\u043d\u043e. \u041d\u043e\u0432\u044b\u0435 \u0440\u0430\u0431\u043e\u0442\u044b \u043f\u043e\u044f\u0432\u043b\u044f\u044e\u0442\u0441\u044f \u043a\u0430\u0436\u0434\u0443\u044e \u043d\u0435\u0434\u0435\u043b\u044e! \u041f\u0440\u0435\u0434\u043b\u0430\u0433\u0430\u0435\u043c \u0412\u0430\u043c \u0437\u0430\u0445\u0432\u0430\u0442\u0438\u0442\u044c \u043c\u043e\u043c\u0435\u043d\u0442 \u0449\u0435\u043b\u0447\u043a\u043e\u043c \u0444\u043e\u0442\u043e\u043a\u0430\u043c\u0435\u0440\u044b \u0438 \u0441\u0442\u0430\u0442\u044c \u0441\u0432\u043e\u0435\u0433\u043e \u0440\u043e\u0434\u0430 \u043a\u043e\u043b\u043b\u0435\u043a\u0446\u0438\u043e\u043d\u0435\u0440\u043e\u043c \u044d\u0442\u043e\u0433\u043e \u043c\u043e\u043c\u0435\u043d\u0442\u0430 \u0438 \u0436\u0438\u0437\u043d\u0438 \u0443\u043b\u0438\u0447\u043d\u043e\u0433\u043e \u0438\u0441\u043a\u0443\u0441\u0441\u0442\u0432\u0430 \u0420\u043e\u0441\u0442\u043e\u0432\u0430. \u041f\u043e\u0434\u043e\u0431\u043d\u043e\u0435 \u044f\u0432\u043b\u0435\u043d\u0438\u0435 \u0444\u043e\u0442\u043e\u0434\u043e\u043a\u0443\u043c\u0435\u043d\u0442\u0430\u0446\u0438\u0438 \u043f\u043e\u0434\u0432\u0438\u0436\u043d\u043e\u0433\u043e \u0438 \u043c\u043e\u043c\u0435\u043d\u0442\u0430\u043b\u044c\u043d\u043e\u0433\u043e \u0443\u043b\u0438\u0447\u043d\u043e\u0433\u043e \u0438\u0441\u043a\u0443\u0441\u0441\u0442\u0432\u0430 \u0438\u043c\u0435\u0435\u0442 \u043d\u0430\u0437\u0432\u0430\u043d\u0438\u0435 \u2014 \u0441\u0442\u0440\u0438\u0442-\u0445\u0430\u043d\u0442\u0435\u0440\u0441\u0442\u0432\u043e.", "where_start": "\u0418 \u0441\u043d\u043e\u0432\u0430 \u043f\u043e\u0434\u044a\u0435\u043c! \u0422\u0435\u043f\u0435\u0440\u044c \u0432\u0434\u043e\u043b\u044c \u043f\u043e \u043f\u0435\u0440\u0435\u0443\u043b\u043a\u0443 \u0423\u043d\u0438\u0432\u0435\u0440\u0441\u0438\u0442\u0435\u0442\u0441\u043a\u0438\u0439 \u0434\u043e \u041d\u043e\u0442\u0430\u0440\u0438\u0430\u043b\u044c\u043d\u043e\u0439 \u043f\u0430\u043b\u0430\u0442\u044b (\u043d\u043e\u043c\u0435\u0440 \u0434\u043e\u043c\u0430 - 30). \u0420\u0430\u0437\u0432\u0435\u0440\u043d\u0443\u0442\u044c\u0441\u044f \u043d\u0430 180 \u0433\u0440\u0430\u0434\u0443\u0441\u043e\u0432 \u0438 \u043e\u0442\u043a\u0440\u044b\u0442\u044c \u0441\u0440\u0435\u0434\u0438 \u0433\u0430\u0440\u0430\u0436\u0435\u0439 \u043c\u0435\u0441\u0442\u043e \u0441\u0432\u043e\u0431\u043e\u0434\u043d\u043e\u0433\u043e \u0442\u0432\u043e\u0440\u0447\u0435\u0441\u0442\u0432\u0430 \u0443\u043b\u0438\u0447\u043d\u044b\u0445 \u0445\u0443\u0434\u043e\u0436\u043d\u0438\u043a\u043e\u0432 \u2014 \u0441\u043f\u043e\u0442!!", "order": 6}}, {"model": "excursion.exhibit", "pk": 22, "fields": {"route": 4, "name": "\u041a\u043e\u0432\u0451\u0440", "address": "\u043f\u0435\u0440. \u0423\u043d\u0438\u0432\u0435\u0440\u0441\u0438\u0442\u0435\u0442\u0441\u043a\u0438\u0439, 28", "author": "\u0410\u043d\u0442\u043e\u043d \u0421\u0430\u043a\u0432\u043e", "question_for_reflection": "\u041f\u043e\u043d\u0440\u0430\u0432\u0438\u043b\u0430\u0441\u044c \u043b\u0438 \u0412\u0430\u043c \u0438\u0440\u043e\u043d\u0438\u044f \u0445\u0443\u0434\u043e\u0436\u043d\u0438\u043a\u0430?", "answer_for_reflection": "", "where_start": "\u0414\u0430\u043b\u0435\u0435, \u0412\u0430\u043c \u043d\u0443\u0436\u043d\u043e \u0432\u043d\u043e\u0432\u044c \u0432\u0435\u0440\u043d\u0443\u0442\u044c\u0441\u044f \u043a \u041d\u043e\u0442\u0430\u0440\u0438\u0430\u043b\u044c\u043d\u043e\u0439 \u043f\u0430\u043b\u0430\u0442\u0435 \u043d\u0430 \u043f\u0435\u0440. \u0423\u043d\u0438\u0432\u0435\u0440\u0441\u0438\u0442\u0435\u0442\u0441\u043a\u043e\u043c \u0438 \u043f\u0440\u043e\u0439\u0442\u0438 \u0437\u0430 \u0435\u0451 \u0444\u0440\u043e\u043d\u0442\u0430\u043b\u044c\u043d\u0443\u044e \u0447\u0430\u0441\u0442\u044c. \u0422\u043e\u0433\u0434\u0430 \u0432\u0437\u0433\u043b\u044f\u0434\u0443 \u043e\u0442\u043a\u0440\u043e\u0435\u0442\u0441\u044f \u0440\u043e\u0441\u043a\u043e\u0448\u043d\u044b\u0439 \u043a\u043e\u0432\u0451\u0440 \u0410\u043d\u0442\u043e\u043d\u0430 \u0421\u0430\u043a\u0432\u043e, \u0441\u043f\u0440\u044f\u0442\u0430\u0432\u0448\u0438\u0439\u0441\u044f \u043f\u0440\u044f\u043c\u043e \u043f\u043e\u0437\u0430\u0434\u0438 \u0434\u043e\u043c\u0430 \u043d\u043e\u043c\u0435\u0440 30!", "order": 7}}, {"model": "excursion.exhibit", "pk": 23, "fields": {"route": 4, "name": "\u0417\u0430\u043a\u0440\u043e\u0439 \u0433\u043b\u0430\u0437\u0430 \u2014 \u043e\u0442\u043a\u0440\u043e\u0439 \u0441\u0432\u043e\u0451", "address": "\u0443\u043b. \u0421\u043e\u0446\u0438\u0430\u043b\u0438\u0441\u0442\u0438\u0447\u0435\u0441\u043a\u0430\u044f, \u0442\u0440\u0430\u043d\u0441\u0444\u043e\u0440\u043c\u0430\u0442\u043e\u0440\u043d\u0430\u044f \u0431\u0443\u0434\u043a\u0430 \u043c\u0435\u0436\u0434\u0443 \u0434\u043e\u043c\u0430\u043c\u0438 \u043d\u043e\u043c\u0435\u0440 141 \u0438 143", "author": "\u0410\u043d\u0430\u0441\u0442\u0430\u0441\u0438\u044f \u0411\u0430\u0431\u0438\u0447", "question_for_reflection": "\u0420\u044f\u0434\u043e\u043c \u0441 \u0440\u0430\u0431\u043e\u0442\u043e\u0439 \u0410\u043d\u0430\u0441\u0442\u0430\u0441\u0438\u0438 \u0412\u044b \u043c\u043e\u0436\u0435\u0442\u0435 \u043f\u0440\u0438\u0441\u0435\u0441\u0442\u044c \u043d\u0430 \u043b\u0430\u0432\u043e\u0447\u043a\u0438 (\u043e\u043d\u0438 \u0440\u0430\u0441\u043f\u043e\u043b\u043e\u0436\u0438\u043b\u0438\u0441\u044c \u0441\u043b\u0435\u0432\u0430), \u0437\u0430\u043a\u0440\u044b\u0442\u044c \u0433\u043b\u0430\u0437\u0430 \u0438 \u043e\u0442\u043a\u0440\u044b\u0442\u044c \u0441\u0435\u0440\u0434\u0446\u0435 \u0441\u043e\u0431\u0441\u0442\u0432\u0435\u043d\u043d\u044b\u043c \u0432\u043e\u0441\u043f\u043e\u043c\u0438\u043d\u0430\u043d\u0438\u044f\u043c \u043e \u0433\u043e\u0440\u043e\u0434\u0435, \u0441\u0434\u0435\u043b\u0430\u0432 \u0441\u0432\u043e\u0435\u043e\u0431\u0440\u0430\u0437\u043d\u0443\u044e \u043a\u0430\u0440\u0442\u0443. \u0412 \u0442\u0435\u0447\u0435\u043d\u0438\u0435 3-4 \u043c\u0438\u043d\u0443\u0442 \u0412\u044b \u043c\u043e\u0436\u0435\u0442\u0435 \u043f\u0440\u0435\u0434\u0441\u0442\u0430\u0432\u0438\u0442\u044c \u043a\u0430\u0440\u0442\u0443 \u0433\u043e\u0440\u043e\u0434\u0430 \u0431\u0435\u0437 \u043d\u0430\u0437\u0432\u0430\u043d\u0438\u0439 \u0443\u043b\u0438\u0446 \u0438 \u043d\u0443\u043c\u0435\u0440\u0430\u0446\u0438\u0438 \u0434\u043e\u043c\u043e\u0432, \u0430 \u043d\u0430\u043f\u043e\u043b\u043d\u044f\u0442\u044c \u043b\u0438\u0448\u044c \u0432\u043e\u0441\u043f\u043e\u043c\u0438\u043d\u0430\u043d\u0438\u044f\u043c\u0438: \u043a\u0430\u043a\u043e\u0439-\u0442\u043e \u0440\u0430\u0439\u043e\u043d \u0432\u0434\u0440\u0443\u0433 \u043e\u043a\u0430\u0436\u0435\u0442\u0441\u044f \u0443\u0434\u0438\u0432\u0438\u0442\u0435\u043b\u044c\u043d\u043e \u0431\u043e\u0433\u0430\u0442 \u043d\u0430 \u0440\u0430\u0434\u043e\u0441\u0442\u043d\u044b\u0435 \u0441\u043e\u0431\u044b\u0442\u0438\u044f, \u0430 \u043a\u0430\u043a\u043e\u0439-\u0442\u043e \u043e\u0441\u0442\u0430\u043d\u0435\u0442\u0441\u044f \u0441\u0435\u0440\u043e\u0439 \u0437\u043e\u043d\u043e\u0439 \u0438 \u043f\u043e\u0432\u043e\u0434\u043e\u043c \u0434\u043b\u044f \u0434\u0430\u043b\u044c\u043d\u0435\u0439\u0448\u0438\u0445 \u0438\u0441\u0441\u043b\u0435\u0434\u043e\u0432\u0430\u043d\u0438\u0439.\r\n\u041d\u0430\u043f\u0438\u0448\u0438\u0442\u0435 \u043e \u0441\u0432\u043e\u0438\u0445 \u043e\u0449\u0443\u0449\u0435\u043d\u0438\u044f!", "answer_for_reflection": "", "where_start": "\u0412\u0430\u043c \u043d\u0443\u0436\u043d\u043e \u043f\u0440\u043e\u0439\u0442\u0438 \u0447\u0435\u0440\u0435\u0437 \u00ab\u041a\u043e\u0432\u0451\u0440\u00bb \u0410\u043d\u0442\u043e\u043d\u0430 \u0421\u0430\u043a\u0432\u043e, \u043f\u0440\u043e\u0439\u0442\u0438 \u0432\u0432\u0435\u0440\u0445, \u0432\u044b\u0439\u0442\u0438 \u0438\u0437 \u0442\u0451\u043c\u043d\u044b\u0445 \u0432\u043e\u0440\u043e\u0442 \u0438 \u043e\u043a\u043e\u043d\u0447\u0430\u0442\u0435\u043b\u044c\u043d\u043e \u0432\u044b\u0431\u0440\u0430\u0442\u044c\u0441\u044f \u043d\u0430 \u0443\u043b. \u0421\u043e\u0446\u0438\u0430\u043b\u0438\u0441\u0442\u0438\u0447\u0435\u0441\u043a\u0443\u044e. \u041f\u0440\u043e\u0439\u0434\u044f \u043d\u0435\u043c\u043d\u043e\u0433\u043e \u043d\u0430\u043b\u0435\u0432\u043e \u043f\u043e \u0443\u043b. \u0421\u043e\u0446\u0438\u0430\u043b\u0438\u0441\u0442\u0438\u0447\u0435\u0441\u043a\u043e\u0439, \u0412\u044b \u043e\u0431\u043d\u0430\u0440\u0443\u0436\u0438\u0442\u0435 \u0432\u043e\u0442 \u0442\u0430\u043a\u0443\u044e \u0442\u0440\u0430\u043d\u0441\u0444\u043e\u0440\u043c\u0430\u0442\u043e\u0440\u043d\u0443\u044e \u0431\u0443\u0434\u043a\u0443, \u0440\u0430\u0441\u043f\u0438\u0441\u0430\u043d\u043d\u0443\u044e \u0410\u043d\u0430\u0441\u0442\u0430\u0441\u0438\u0435\u0439 \u0411\u0430\u0431\u0438\u0447.", "order": 8}}, {"model": "excursion.exhibit", "pk": 24, "fields": {"route": 4, "name": "\u0412\u0437\u0440\u043e\u0441\u043b\u043e\u0441\u0442\u044c", "address": "\u0443\u043b. \u0421\u0443\u0432\u043e\u0440\u043e\u0432\u0430, 52/ \u0430\u0440\u0442-\u043a\u043b\u0430\u0441\u0442\u0435\u0440 \u042152", "author": "\u0412\u0430\u0434\u0438\u043c \u0421\u043b\u0443\u0444", "question_for_reflection": "\u041f\u043e\u0447\u0435\u043c\u0443 \u043e\u043d \u0432\u0434\u0440\u0443\u0433 \u043e\u043a\u0430\u0437\u0430\u043b\u0441\u044f \u043d\u0430 \u0440\u0435\u0437\u0438\u043d\u043e\u0432\u043e\u0439 \u0443\u0442\u043a\u0435?", "answer_for_reflection": "\u0414\u0430\u0434\u0438\u043c \u0441\u043b\u043e\u0432\u043e \u0445\u0443\u0434\u043e\u0436\u043d\u0438\u043a\u0443 \u0412\u0430\u0434\u0438\u043c\u0443 \u0421\u043b\u0443\u0444\u0443: \r\n_\u00ab\u0420\u0430\u0431\u043e\u0442\u0430\\, \u043a\u043e\u0442\u043e\u0440\u0443\u044e \u044f \u0441\u0434\u0435\u043b\u0430\u043b \u043d\u0430 \u0444\u0430\u0441\u0430\u0434\u0435 \u043a\u0440\u0435\u0430\u0442\u0438\u0432\u043d\u043e\u0433\u043e \u043a\u043b\u0430\u0441\u0442\u0435\u0440\u0430 \u042152\\, \u043f\u0440\u043e \u043f\u043e\u0438\u0441\u043a\u0438 \u0447\u0435\u043b\u043e\u0432\u0435\u043a\u043e\u043c \u0442\\.\u043d\\. \u00ab\u0412\u0437\u0440\u043e\u0441\u043b\u043e\u0441\u0442\u0438\u00bb\\, \u043f\u0440\u043e \u0442\u043e\\, \u0447\u0442\u043e \u043c\u043d\u043e\u0433\u0438\u0435 \u0438\u0437 \u043d\u0430\u0441 \u0442\u0430\u043a \u0438 \u043d\u0435 \u0432\u0437\u0440\u043e\u0441\u043b\u0435\u044e\u0442 \u043f\u043e\\-\u043d\u0430\u0441\u0442\u043e\u044f\u0449\u0435\u043c\u0443\\, \u043e\u0441\u0442\u0430\u0432\u0430\u044f\u0441\u044c \u0434\u0435\u0442\u044c\u043c\u0438 \u0438 \u0441\u043e\u0437\u0434\u0430\u0432\u0430\u044f \u0441\u0435\u0431\u0435 \u0438 \u043e\u043a\u0440\u0443\u0436\u0430\u044e\u0449\u0438\u043c \u043f\u0440\u043e\u0431\u043b\u0435\u043c\u044b \u0432 \u043f\u0443\u0442\u0435\u0448\u0435\u0441\u0442\u0432\u0438\u0438 \u043f\u043e \u044d\u0442\u043e\u043c\u0443 \u043e\u043a\u0435\u0430\u043d\u0443 \u043d\u0430 \u043b\u043e\u0434\u043a\u0435 \u0438\u0437 \u043f\u0430\u0440\u043a\u0430 \u0430\u0442\u0442\u0440\u0430\u043a\u0446\u0438\u043e\u043d\u043e\u0432\\, \u0438\u043d\u043e\u0433\u0434\u0430 \u0431\u043e\u044f\u0441\u044c \u0437\u0430\u043f\u043b\u044b\u0442\u044c \u0437\u0430 \u0431\u0443\u0439\u043a\u0438\\, \u0437\u0430 \u043a\u043e\u0442\u043e\u0440\u044b\u043c\u0438 \u0442\u0430\u043a\u0430\u044f \u0441\u043c\u0435\u0448\u043d\u0430\u044f \u043b\u043e\u0434\u043a\u0430 \u043d\u0435 \u0432\u044b\u0434\u0435\u0440\u0436\u0438\u0442 \u0438 \u043c\u0438\u043d\u0443\u0442\u044b\\, \u0438 \u043d\u0443\u0436\u043d\u043e \u043f\u0435\u0440\u0435\u0441\u0435\u0441\u0442\u044c \u043d\u0430 \u0447\u0442\u043e\\-\u0442\u043e \u00ab\u043f\u043e\u0441\u0435\u0440\u044c\u0451\u0437\u043d\u0435\u0435\u00bb\\._\r\n<MarkdownV2>", "where_start": "\u0412\u0430\u043c \u043d\u0435\u043e\u0431\u0445\u043e\u0434\u0438\u043c\u043e \u043f\u0440\u043e\u0439\u0442\u0438 \u043a \u043f\u043e\u0434\u0437\u0435\u043c\u043d\u043e\u043c\u0443 \u043f\u0435\u0440\u0435\u0445\u043e\u0434\u0443 \u043d\u0430 \u0443\u043b. \u0411\u043e\u043b\u044c\u0448\u043e\u0439 \u0421\u0430\u0434\u043e\u0432\u043e\u0439, \u0437\u0430\u0442\u0435\u043c \u043f\u0435\u0440\u0435\u0441\u0435\u0447\u044c \u0435\u0433\u043e, \u043f\u043e\u0434\u043d\u044f\u0442\u044c\u0441\u044f \u0432\u0432\u0435\u0440\u0445 \u043f\u043e \u043f\u0435\u0440\u0435\u0443\u043b\u043a\u0443 \u0423\u043d\u0438\u0432\u0435\u0440\u0441\u0438\u0442\u0435\u0442\u0441\u043a\u043e\u043c\u0443 \u0434\u043e \u0443\u043b\u0438\u0446\u044b \u0421\u0443\u0432\u043e\u0440\u043e\u0432\u0430 \u0438 \u043f\u043e\u0432\u0435\u0440\u043d\u0443\u0442\u044c \u043d\u0430\u043f\u0440\u0430\u0432\u043e \u0434\u043e \u0434\u043e\u043c\u0430 52.", "order": 9}}, {"model": "excursion.exhibit", "pk": 25, "fields": {"route": 4, "name": "\u0412\u0435\u0441\u043d\u0430", "address": "\u043f\u0435\u0440. \u0423\u043d\u0438\u0432\u0435\u0440\u0441\u0438\u0442\u0435\u0442\u0441\u043a\u0438\u0439, 52", "author": "MSIDOS", "question_for_reflection": "\u0410 \u0447\u0435\u0433\u043e \u0432\u0430\u043c \u043d\u0435 \u0445\u0432\u0430\u0442\u0430\u0435\u0442 \u0432 \u0433\u043e\u0440\u043e\u0434\u0441\u043a\u043e\u043c \u043f\u0440\u043e\u0441\u0442\u0440\u0430\u043d\u0441\u0442\u0432\u0435?", "answer_for_reflection": "", "where_start": "\u041a \u0437\u0430\u043a\u043b\u044e\u0447\u0438\u0442\u0435\u043b\u044c\u043d\u043e\u0439 \u0442\u043e\u0447\u043a\u0435 \u043c\u0430\u0440\u0448\u0440\u0443\u0442\u0430 \u0412\u0430\u043c \u043d\u0443\u0436\u043d\u043e \u0441\u0434\u0435\u043b\u0430\u0442\u044c \u043d\u0435\u0431\u043e\u043b\u044c\u0448\u043e\u0439 \u0440\u0430\u0437\u0432\u043e\u0440\u043e\u0442 \u043d\u0430\u0437\u0430\u0434: \u043f\u043e \u0443\u043b\u0438\u0446\u0435 \u0421\u0443\u0432\u043e\u0440\u043e\u0432\u0430 \u0432\u0435\u0440\u043d\u0443\u0442\u044c\u0441\u044f \u043d\u0430 \u043f\u0435\u0440. \u0423\u043d\u0438\u0432\u0435\u0440\u0441\u0438\u0442\u0435\u0442\u0441\u043a\u0438\u0439 \u0438 \u0434\u043e\u0439\u0442\u0438 \u0434\u043e \u043c\u0443\u0440\u0430\u043b\u0430 \u043d\u0430 \u0444\u0430\u0441\u0430\u0434\u0435 \u0434\u043e\u043c\u0430 52.", "order": 10}}, {"model": "excursion.exhibit", "pk": 27, "fields": {"route": 4, "name": "\u0426\u0432\u0435\u0442\u044b", "address": "\u0443\u043b. \u0421\u0435\u0434\u043e\u0432\u0430, 19-21", "author": "\u0414\u043c\u0438\u0442\u0440\u0438\u0439 \u041b\u0430\u043c\u043e\u043d\u043e\u0432", "question_for_reflection": "\u041e \u0447\u0435\u043c \u0432\u0430\u043c \u043d\u0430\u043f\u043e\u043c\u0438\u043d\u0430\u044e\u0442 \u044d\u0442\u0438 \u0446\u0432\u0435\u0442\u044b?", "answer_for_reflection": "", "where_start": "\u041e\u0442 \u0441\u043c\u043e\u0442\u0440\u043e\u0432\u043e\u0439 \u043f\u043b\u043e\u0449\u0430\u0434\u043a\u0438 \u0412\u0430\u043c \u043d\u0443\u0436\u043d\u043e \u0440\u0430\u0437\u0432\u0435\u0440\u043d\u0443\u0442\u044c\u0441\u044f \u043b\u0438\u0446\u043e\u043c \u0432 \u0441\u0442\u043e\u0440\u043e\u043d\u0443 \u0443\u043b\u0438\u0446\u044b \u0421\u0435\u0434\u043e\u0432\u0430. \u0422\u0430\u043c \u0431\u0443\u0434\u0435\u0442 \u0432\u0438\u0434\u043d\u0435\u0442\u044c\u0441\u044f \u0431\u043e\u043b\u044c\u0448\u043e\u0439 \u0437\u0430\u0431\u043e\u0440, \u0430 \u043f\u043e\u0434 \u043d\u0438\u043c - \u044f\u0440\u043a\u0438\u0435 \u0446\u0432\u0435\u0442\u044b, \u043f\u0435\u0440\u0435\u0434 \u043a\u043e\u0442\u043e\u0440\u044b\u043c\u0438 \u0412\u0430\u043c \u043d\u0443\u0436\u043d\u043e \u043e\u0441\u0442\u0430\u043d\u043e\u0432\u0438\u0442\u044c\u0441\u044f.", "order": 1}}, {"model": "excursion.photoexhibit", "pk": 1, "fields": {"exhibit": 2, "description": null, "photo": "excursion/exhibit/\u041e\u0431\u044a\u0435\u043a\u0442_1_\u0410\u043b\u0435\u043a\u0441\u0435\u0439_\u041a\u0430\u0441\u0441\u0435\u0442\u0430_.JPG"}}, {"model": "excursion.photoexhibit", "pk": 2, "fields": {"exhibit": 2, "description": null, "photo": "excursion/exhibit/\u041a\u043e\u043f\u0438\u044f_\u041e\u0431\u044a\u0435\u043a\u0442_1_\u042f\u0431\u043b\u043e\u043d\u0441\u043a\u0430\u044f1.jpg"}}, {"model": "excursion.photoexhibit", "pk": 3, "fields": {"exhibit": 2, "description": null, "photo": "excursion/exhibit/\u041a\u043e\u043f\u0438\u044f_\u041e\u0431\u044a\u0435\u043a\u0442_1_\u042f\u0431\u043b\u043e\u043d\u0441\u043a\u0430\u044f.jpg"}}, {"model": "excursion.photoexhibit", "pk": 4, "fields": {"exhibit": 2, "description": null, "photo": "excursion/exhibit/\u041a\u043e\u043f\u0438\u044f_\u041e\u0431\u044a\u0435\u043a\u0442_1_\u042f\u0431\u043b\u043e\u043d\u0441\u043a\u0430\u044f2.jpg"}}, {"model": "excursion.photoexhibit", "pk": 7, "fields": {"exhibit": 5, "description": null, "photo": "excursion/exhibit/\u041e\u0431\u044a\u0435\u043a\u0442_4_Couple_of_creators_cthdGZ7.jpg"}}, {"model": "excursion.photoexhibit", "pk": 8, "fields": {"exhibit": 6, "description": null, "photo": "excursion/exhibit/\u041e\u0431\u044a\u0435\u043a\u0442_5_\u0421\u0430\u043a\u0432\u043e_WQYFS8X.jpg"}}, {"model": "excursion.photoexhibit", "pk": 9, "fields": {"exhibit": 7, "description": null, "photo": "excursion/exhibit/\u041e\u0431\u044a\u0435\u043a\u0442_6_\u0425\u043e\u0447\u0443\u0411\u044b\u0442\u044c\u0421\u043e\u043a\u043e\u0432\u044b\u043c_EJd83bI.jpg"}}, {"model": "excursion.photoexhibit", "pk": 10, "fields": {"exhibit": 8, "description": null, "photo": "excursion/exhibit/\u041e\u0431\u044a\u0435\u043a\u0442_7_\u0425\u043e\u0440\u043e\u0448\u043e\u0433\u0440_6Cjcw1q.jpg"}}, {"model": "excursion.photoexhibit", "pk": 11, "fields": {"exhibit": 9, "description": null, "photo": "excursion/exhibit/\u041e\u0431\u044a\u0435\u043a\u0442_8_AC.jpeg"}}, {"model": "excursion.photoexhibit", "pk": 12, "fields": {"exhibit": 10, "description": null, "photo": "excursion/exhibit/\u041e\u0431\u044a\u0435\u043a\u0442_1_\u041c\u0430\u0440\u043a\u0435\u0440.jpg"}}, {"model": "excursion.photoexhibit", "pk": 14, "fields": {"exhibit": 12, "description": null, "photo": "excursion/exhibit/\u041e\u0431\u044a\u0435\u043a\u0442_3_Couple_of_creators.jpg"}}, {"model": "excursion.photoexhibit", "pk": 16, "fields": {"exhibit": 14, "description": null, "photo": "excursion/exhibit/\u041e\u0431\u044a\u0435\u043a\u0442_5_\u0410\u043d\u0434\u0440\u0435\u0438_Youraw.jpg"}}, {"model": "excursion.photoexhibit", "pk": 17, "fields": {"exhibit": 15, "description": null, "photo": "excursion/exhibit/\u041e\u0431\u044a\u0435\u043a\u0442_6_\u0421\u043f\u043e\u0442_\u043d\u0430_\u041c\u0430\u043b\u043e\u043c.jpeg"}}, {"model": "excursion.photoexhibit", "pk": 23, "fields": {"exhibit": 20, "description": null, "photo": "excursion/exhibit/\u041e\u0431\u044a\u0435\u043a\u0442_5_\u041d\u043e\u0447\u044c.jpg"}}, {"model": "excursion.photoexhibit", "pk": 25, "fields": {"exhibit": 22, "description": null, "photo": "excursion/exhibit/\u041e\u0431\u044a\u0435\u043a\u0442_7_\u0421\u0430\u043a\u0432\u043e.jpeg"}}, {"model": "excursion.photoexhibit", "pk": 26, "fields": {"exhibit": 23, "description": null, "photo": "excursion/exhibit/\u041e\u0431\u044a\u0435\u043a\u0442_8_\u0411\u0430\u0431\u0438\u0447.jpg"}}, {"model": "excursion.photoexhibit", "pk": 27, "fields": {"exhibit": 24, "description": null, "photo": "excursion/exhibit/\u041e\u0431\u044a\u0435\u043a\u0442_9_\u0421\u043b\u0443\u0444_c956xuI.JPG"}}, {"model": "excursion.photoexhibit", "pk": 28, "fields": {"exhibit": 25, "description": null, "photo": "excursion/exhibit/\u041e\u0431\u044a\u0435\u043a\u0442_10_\u041c\u0441\u0438\u0434\u043e\u0441_1.jpg"}}, {"model": "excursion.photoexhibit", "pk": 29, "fields": {"exhibit": 25, "description": null, "photo": "excursion/exhibit/\u041e\u0431\u044a\u0435\u043a\u0442_10_\u041c\u0441\u0438\u0434\u043e\u0441_2.jpg"}}, {"model": "excursion.photoexhibit", "pk": 30, "fields": {"exhibit": 18, "description": null, "photo": "excursion/exhibit/\u041e\u0431\u044a\u0435\u043a\u0442_3_\u0418\u043c\u0430_uDf82Uy.jpg"}}, {"model": "excursion.photoexhibit", "pk": 31, "fields": {"exhibit": 27, "description": null, "photo": "excursion/exhibit/\u041e\u0431\u044a\u0435\u043a\u0442_1_\u041b\u0430\u043c\u043e\u043d\u043e\u0432_1_vL2AG3G.jpg"}}, {"model": "excursion.photoexhibit", "pk": 32, "fields": {"exhibit": 21, "description": null, "photo": "excursion/exhibit/\u041e\u0431\u044a\u0435\u043a\u0442_6_\u0441\u043f\u043e\u0442_FUj64cs.jpg"}}, {"model": "excursion.photoexhibit", "pk": 34, "fields": {"exhibit": 19, "description": null, "photo": "excursion/exhibit/\u041e\u0431\u044a\u0435\u043a\u0442_4_\u041c\u043e\u0437\u0433\u0438_mZZJY4C.jpg"}}, {"model": "excursion.photoexhibit", "pk": 35, "fields": {"exhibit": 13, "description": null, "photo": "excursion/exhibit/\u041e\u0431\u044a\u0435\u043a\u0442_4_\u041c\u0430\u0440\u043a\u0435\u0440_HGJHaQ6.jpg"}}, {"model": "excursion.photoexhibit", "pk": 36, "fields": {"exhibit": 4, "description": null, "photo": "excursion/exhibit/\u041e\u0431\u044a\u0435\u043a\u0442_3_\u0421\u0438\u043c\u043e\u043d\u043e\u0432_0hqfhjn.jpg"}}, {"model": "excursion.photoexhibit", "pk": 39, "fields": {"exhibit": 17, "description": null, "photo": "excursion/exhibit/\u041e\u0431\u044a\u0435\u043a\u0442_2_\u041c\u043e\u0437\u0433\u0438_2_SOy4l4m_nxffT2h.jpg"}}, {"model": "excursion.photoexhibit", "pk": 40, "fields": {"exhibit": 17, "description": null, "photo": "excursion/exhibit/\u041e\u0431\u044a\u0435\u043a\u0442_2_\u041c\u043e\u0437\u0433\u0438_1_rwdVqgU_eo6l0EQ.jpg"}}, {"model": "excursion.photoexhibit", "pk": 41, "fields": {"exhibit": 11, "description": null, "photo": "excursion/exhibit/\u041e\u0431\u044a\u0435\u043a\u0442_2_\u0410\u0440\u0442_\u0410\u0431\u0441\u0442\u0440\u0430\u043a\u0442\u043e\u0432_96cswjO.jpg"}}, {"model": "excursion.photoexhibit", "pk": 43, "fields": {"exhibit": 3, "description": null, "photo": "excursion/exhibit/\u041e\u0431\u044a\u0435\u043a\u0442_2_\u0421\u0438\u043c\u043e\u043d\u043e\u0432_g8bVxcX.jpg"}}, {"model": "excursion.descriptionexhibit", "pk": 4, "fields": {"exhibit": 2, "text": "\u0412\u044b \u043e\u043a\u0430\u0437\u0430\u043b\u0438\u0441\u044c \u043f\u0435\u0440\u0435\u0434 \u0445\u0443\u0434\u043e\u0436\u0435\u0441\u0442\u0432\u0435\u043d\u043d\u043e\u0439 \u0433\u0430\u043b\u0435\u0440\u0435\u0435\u0439 \u00ab\u0420\u043e\u0441\u0442\u043e\u0432\u00bb.\r\n\u0412 2022 \u0433\u043e\u0434\u0443 \u0432\u043e\u043a\u0440\u0443\u0433 \u0434\u0432\u0435\u0440\u043d\u043e\u0433\u043e \u043f\u0440\u043e\u0451\u043c\u0430 \u0438 \u043d\u0430 \u0431\u043b\u0438\u0437\u043b\u0435\u0436\u0430\u0449\u0435\u0439 \u0441\u0442\u0435\u043d\u0435 \u043f\u043e\u044f\u0432\u0438\u043b\u0441\u044f\r\n\u0441\u0442\u0440\u0438\u0442-\u0430\u0440\u0442 \u0438 \u043d\u0435 \u043e\u0434\u0438\u043d. \u0412\u043c\u0435\u0441\u0442\u0435 \u0441 \u0432\u043e\u043b\u043e\u043d\u0442\u0451\u0440\u0430\u043c\u0438 \u041c\u0430\u0440\u0438\u043d\u0430 \u042f\u0431\u043b\u043e\u043d\u0441\u043a\u0430\u044f \u0441\u043e\u0437\u0434\u0430\u043b\u0430\r\n\u043c\u043e\u0437\u0430\u0438\u043a\u0443, \u0437\u0430\u043f\u0435\u0447\u0430\u0442\u043b\u0435\u0432\u0430\u044e\u0449\u0443\u044e \u0432\u0438\u0437\u0443\u0430\u043b\u044c\u043d\u0443\u044e \u043f\u0430\u043d\u043e\u0440\u0430\u043c\u0443 \u0433\u043e\u0440\u043e\u0434\u0430 \u0441 \u0437\u043d\u0430\u043a\u043e\u0432\u044b\u043c\u0438\r\n\u0430\u0440\u0445\u0438\u0442\u0435\u043a\u0442\u0443\u0440\u043d\u044b\u043c\u0438 \u0438 \u0441\u043a\u0443\u043b\u044c\u043f\u0442\u0443\u0440\u043d\u044b\u043c\u0438 \u043f\u043e\u0441\u0442\u0440\u043e\u0439\u043a\u0430\u043c\u0438.\r\n\u0410 \u0442\u0430\u043a\u0436\u0435 \u0412\u044b \u043c\u043e\u0436\u0435\u0442\u0435 \u0437\u0430\u043c\u0435\u0442\u0438\u0442\u044c \u0433\u0440\u0430\u0444\u0444\u0438\u0442\u0438 \u043e\u0442 \u0440\u043e\u0441\u0442\u043e\u0432\u0441\u043a\u043e\u0433\u043e \u0445\u0443\u0434\u043e\u0436\u043d\u0438\u043a\u0430 \u0410\u043b\u0435\u043a\u0441\u0435\u044f\r\n\u041a\u0430\u0441\u0441\u0435\u0442\u044b. \u041f\u0440\u0435\u0434\u043b\u0430\u0433\u0430\u0435\u043c \u0412\u0430\u043c \u043e\u0441\u0442\u0430\u043d\u043e\u0432\u0438\u0442\u044c\u0441\u044f \u043f\u0435\u0440\u0435\u0434 \u0440\u0430\u0431\u043e\u0442\u043e\u0439 \u0410\u043b\u0435\u043a\u0441\u0435\u044f \u0438\r\n\u0432\u043d\u0438\u043c\u0430\u0442\u0435\u043b\u044c\u043d\u043e \u043e\u0441\u043c\u043e\u0442\u0440\u0435\u0442\u044c \u044d\u043b\u0435\u043c\u0435\u043d\u0442\u044b, \u0438\u0437 \u043a\u043e\u0442\u043e\u0440\u044b\u0445 \u043e\u043d\u0430 \u0441\u043e\u0441\u0442\u043e\u0438\u0442.\r\n\u041a\u0430\u043a\u0438\u0435 \u0444\u043e\u0440\u043c\u044b \u0412\u044b \u0432\u0438\u0434\u0438\u0442\u0435? \u041a\u0430\u043a\u0438\u0435 \u043e\u0431\u044a\u0435\u043a\u0442\u044b \u0438\u043b\u0438 \u043f\u0440\u0435\u0434\u043c\u0435\u0442\u044b \u043c\u043e\u0436\u0435\u0442\u0435 \u0443\u0433\u0430\u0434\u0430\u0442\u044c?"}}, {"model": "excursion.descriptionexhibit", "pk": 5, "fields": {"exhibit": 2, "text": "\u041f\u0435\u0440\u0435\u0434 \u0432\u0430\u043c\u0438 \u0440\u0430\u0431\u043e\u0442\u0430 \u0410\u043b\u0435\u043a\u0441\u0435\u044f \u041a\u0430\u0441\u0441\u0435\u0442\u044b.\r\n\u0410\u043b\u0435\u043a\u0441\u0435\u0439 \u0441\u043e\u0432\u043c\u0435\u0449\u0430\u0435\u0442 \u043d\u0435\u0441\u043a\u043e\u043b\u044c\u043a\u043e \u0432\u0438\u0437\u0443\u0430\u043b\u044c\u043d\u044b\u0445 \u044d\u0441\u0442\u0435\u0442\u0438\u043a,\r\n\u043e\u0444\u043e\u0440\u043c\u0438\u0432 \u0432\u0445\u043e\u0434 \u0432 \u0433\u0430\u043b\u0435\u0440\u0435\u044e \u00ab\u0420\u043e\u0441\u0442\u043e\u0432\u00bb. \u0421 \u043e\u0434\u043d\u043e\u0439 \u0441\u0442\u043e\u0440\u043e\u043d\u044b,\r\n\u0412\u044b \u0432\u0438\u0434\u0438\u0442\u0435 \u043e\u0431\u0438\u043b\u0438\u0435 \u044f\u0440\u043a\u0438\u0445 \u0433\u0435\u043e\u043c\u0435\u0442\u0440\u0438\u0447\u0435\u0441\u043a\u0438\u0445 \u044d\u043b\u0435\u043c\u0435\u043d\u0442\u043e\u0432.\r\n\u0421 \u0434\u0440\u0443\u0433\u043e\u0439, \u0443\u0437\u043d\u0430\u044e\u0442\u0441\u044f \u0432\u043f\u043e\u043b\u043d\u0435 \u0440\u0435\u0430\u043b\u0438\u0441\u0442\u0438\u0447\u043d\u044b\u0435 \u043e\u0431\u044a\u0435\u043a\u0442\u044b,\r\n\u0432\u044b\u043f\u043e\u043b\u043d\u0435\u043d\u043d\u044b\u0435 \u0432 \u0447\u0435\u0440\u043d\u043e-\u0431\u0435\u043b\u043e\u0439 \u0433\u0430\u043c\u043c\u0435: \u0445\u0443\u0442\u043e\u0440\u0441\u043a\u043e\u0439 \u0434\u043e\u043c\u0438\u043a,\r\n\u0446\u0432\u0435\u0442\u043e\u043a \u0432 \u0433\u043e\u0440\u0448\u043a\u0435, \u0430\u0432\u0442\u043e\u043c\u043e\u0431\u0438\u043b\u044c. \u0421\u043b\u0435\u0432\u0430 \u0432\u043d\u0438\u0437\u0443 \u0412\u044b \u043c\u043e\u0436\u0435\u0442\u0435\r\n\u043e\u0431\u043d\u0430\u0440\u0443\u0436\u0438\u0442\u044c \u0442\u044d\u0433 \u0410\u043b\u0435\u043a\u0441\u0435\u044f \u041a\u0430\u0441\u0441\u0435\u0442\u044b \u2014 BASF\r\n\u0438 \u0433\u043e\u0434 \u0441\u043e\u0437\u0434\u0430\u043d\u0438\u044f \u0440\u0430\u0431\u043e\u0442\u044b 22."}}, {"model": "excursion.descriptionexhibit", "pk": 6, "fields": {"exhibit": 2, "text": "\u0412\u043e\u0442, \u0447\u0442\u043e \u0441\u0430\u043c \u0410\u043b\u0435\u043a\u0441\u0435\u0439 \u041a\u0430\u0441\u0441\u0435\u0442\u0430 \u0433\u043e\u0432\u043e\u0440\u0438\u0442 \u043e \u0441\u0432\u043e\u0451\u043c \u0442\u0432\u043e\u0440\u0447\u0435\u0441\u0442\u0432\u0435:\r\n__\u00ab\u0417\u0430 \u043f\u043e\u0441\u043b\u0435\u0434\u043d\u0438\u0435 \u043d\u0435\u0441\u043a\u043e\u043b\u044c\u043a\u043e \u043b\u0435\u0442 \u044f \u043f\u0435\u0440\u0435\u0448\u0451\u043b \u043e\u0442 \u0442\u0440\u0430\u0434\u0438\u0446\u0438\u043e\u043d\u043d\u043e\u0433\u043e \u0433\u0440\u0430\u0444\u0444\u0438\u0442\u0438\r\n\u043a \u0431\u043e\u043b\u0435\u0435 \u0430\u0431\u0441\u0442\u0440\u0430\u043a\u0442\u043d\u044b\u043c \u0440\u0430\u0431\u043e\u0442\u0430\u043c, \u0441\u0442\u0430\u043b \u0437\u0430\u043c\u0435\u043d\u044f\u0442\u044c \u0431\u0430\u043b\u043b\u043e\u043d\u044b \u043d\u0430 \u043a\u0438\u0441\u0442\u0438 \u0438 \u0432\u0430\u043b\u0438\u043a\u0438,\r\n\u043a\u043e\u043b\u0435\u0440\u043e\u0432\u0430\u0442\u044c \u043a\u0440\u0430\u0441\u043a\u0443. \u041c\u043d\u0435 \u0441\u0442\u0430\u043b\u043e \u043d\u0440\u0430\u0432\u0438\u0442\u0441\u044f \u0434\u0435\u043b\u0430\u0442\u044c \u043b\u0438\u043d\u0438\u0438\r\n\u0438 \u0441\u043c\u0435\u0448\u0438\u0432\u0430\u0442\u044c \u0446\u0432\u0435\u0442\u0430 \u0438\u043c\u0435\u043d\u043d\u043e \u043a\u0438\u0441\u0442\u044f\u043c\u0438.\r\n\u0412 \u0431\u0443\u0434\u0443\u0449\u0435\u043c \u043f\u043b\u0430\u043d\u0438\u0440\u0443\u044e \u043f\u043e\u043b\u043d\u043e\u0441\u0442\u044c\u044e \u043e\u0442\u043e\u0439\u0442\u0438 \u043e\u0442 \u0431\u0430\u043b\u043b\u043e\u043d\u043e\u0432\u00bb.__"}}, {"model": "excursion.descriptionexhibit", "pk": 7, "fields": {"exhibit": 3, "text": "\u041f\u0435\u0440\u0435\u0434 \u0412\u0430\u043c\u0438 \u0440\u0430\u0431\u043e\u0442\u0430 \u0418\u0432\u0430\u043d\u0430 \u0421\u0438\u043c\u043e\u043d\u043e\u0432\u0430 \"\u042d\u043f\u043e\u0445\u0430 \u0440\u0430\u0437\u043e\u0440\u0451\u043d\u043d\u043e\u0439 \u043a\u0440\u0430\u0441\u043e\u0442\u044b\",\r\n\u0441\u0438\u043c\u0432\u043e\u043b\u0438\u0447\u0435\u0441\u043a\u0438 \u0440\u0430\u0441\u043f\u043e\u043b\u043e\u0436\u0438\u0432\u0448\u0430\u044f\u0441\u044f \u043d\u0430 \u0444\u0430\u0441\u0430\u0434\u0435 \u043e\u0434\u043d\u043e\u044d\u0442\u0430\u0436\u043d\u043e\u0433\u043e \u0432\u0435\u0442\u0445\u043e\u0433\u043e\r\n\u0437\u0434\u0430\u043d\u0438\u044f \u043b\u0435\u0442\u043e\u043c 2022 \u0432\u043e \u0432\u0440\u0435\u043c\u044f \u0444\u0435\u0441\u0442\u0438\u0432\u0430\u043b\u044f \"\u041d\u0438\u0447\u0435\u0433\u043e \u0441\u0442\u0440\u0430\u0448\u043d\u043e\u0433\u043e\".\r\n\u0412\u043e\u0437\u043c\u043e\u0436\u043d\u043e, \u0438\u043c\u0435\u043d\u043d\u043e \u043d\u0430 \u044d\u0442\u043e\u043c \u043c\u0435\u0441\u0442\u0435 \u043c\u043e\u0433\u043b\u0438 \u0431\u044b \u0431\u044b\u0442\u044c \u043d\u0430\u0441\u0442\u043e\u044f\u0449\u0438\u0435 \u043a\u043e\u0432\u0430\u043d\u043d\u044b\u0435 \u0432\u043e\u0440\u043e\u0442\u0430."}}, {"model": "excursion.descriptionexhibit", "pk": 8, "fields": {"exhibit": 3, "text": "\u0418\u0432\u0430\u043d \u0421\u0438\u043c\u043e\u043d\u043e\u0432 \u0442\u0430\u043a \u043f\u0440\u043e\u043a\u043e\u043c\u043c\u0435\u043d\u0442\u0438\u0440\u043e\u0432\u0430\u043b \u043f\u0440\u043e\u0446\u0435\u0441\u0441 \u0441\u043e\u0437\u0434\u0430\u043d\u0438\u044f \u0440\u0430\u0431\u043e\u0442\u044b:\r\n__\"\u0420\u043e\u0441\u0442\u043e\u0432-\u043d\u0430-\u0414\u043e\u043d\u0443 \u0438\u0437\u0432\u0435\u0441\u0442\u0435\u043d \u0441\u0432\u043e\u0438\u043c\u0438 \u0434\u043e\u043c\u0430\u043c\u0438 \u0432 \u0441\u0442\u0438\u043b\u0435 \u043c\u043e\u0434\u0435\u0440\u043d. \u0420\u0435\u0448\u0451\u0442\u043a\u0438, \u0431\u0430\u0440\u0435\u043b\u044c\u0435\u0444\u044b, \u043f\u0435\u0447\u0438 \u043f\u043e\u0433\u0438\u0431\u0430\u044e\u0442 \u0431\u0435\u0437 \u0440\u0435\u0441\u0442\u0430\u0432\u0440\u0430\u0446\u0438\u0438 \u0432 \u043f\u043e\u0436\u0430\u0440\u0430\u0445 \u0438\u043b\u0438 \u0432 \u0440\u0435\u0437\u0443\u043b\u044c\u0442\u0430\u0442\u0435 \"\u043e\u0448\u0438\u0431\u043a\u0438 \u044d\u043a\u0441\u043a\u0430\u0432\u0430\u0442\u043e\u0440\u0449\u0438\u043a\u0430\". \u0417\u0430 \u0432\u0440\u0435\u043c\u044f \u0441\u0432\u043e\u0435\u0433\u043e \u043f\u0440\u0435\u0431\u044b\u0432\u0430\u043d\u0438\u044f \u0432 \u0420\u043e\u0441\u0442\u043e\u0432\u0435 \u044f \u043b\u0438\u0447\u043d\u043e \u0441\u0442\u0430\u043b \u0441\u0432\u0438\u0434\u0435\u0442\u0435\u043b\u0435\u043c\u043c\u0435\u0442\u0430\u043c\u043e\u0440\u0444\u043e\u0437. \u041b\u0451\u0433\u043a\u043e\u0441\u0442\u044c \u0438 \u0441\u043a\u043e\u0440\u043e\u0441\u0442\u044c, \u0441 \u043a\u043e\u0442\u043e\u0440\u043e\u0439 \u044d\u0442\u0438 \u0434\u043e\u043c\u0430 \u0443\u043d\u0438\u0447\u0442\u043e\u0436\u0430\u044e\u0442\u0441\u044f, \u043f\u0440\u043e\u0438\u0437\u0432\u0435\u043b\u0430 \u043d\u0430 \u043c\u0435\u043d\u044f \u0433\u043b\u0443\u0431\u043e\u043a\u043e\u0435 \u0432\u043f\u0435\u0447\u0430\u0442\u043b\u0435\u043d\u0438\u0435.\r\n\u041c\u0435\u043d\u044c\u0448\u0435 \u0447\u0435\u043c \u0437\u0430 \u0441\u0443\u0442\u043a\u0438 \u043a\u043e\u0432\u0448 \u044d\u043a\u0441\u043a\u0430\u0432\u0430\u0442\u043e\u0440\u0430 \u0440\u0430\u0437\u0440\u0443\u0448\u0438\u043b \u0437\u0434\u0430\u043d\u0438\u0435. \u041f\u044b\u043b\u044c \u0438 \u043e\u0431\u043b\u043e\u043c\u043a\u0438 - \u0432\u043e\u0442 \u0432\u0441\u0451, \u0447\u0442\u043e \u043e\u0442 \u043d\u0435\u0433\u043e \u043e\u0441\u0442\u0430\u043b\u043e\u0441\u044c. \u042d\u0442\u043e\u0442 \u0434\u043e\u043c \u0443\u0436\u0435 \u043d\u0438\u043a\u0442\u043e \u043d\u0435 \u0443\u0432\u0438\u0434\u0438\u0442 \u0438\u0437 \u0432\u043d\u043e\u0432\u044c \u043f\u0440\u0438\u0435\u0445\u0430\u0432\u0448\u0438\u0445 \u0442\u0443\u0440\u0438\u0441\u0442\u043e\u0432. \u0413\u043e\u0440\u043e\u0434 \u0442\u0435\u0440\u044f\u0435\u0442 \u0441\u0432\u043e\u0439 \u0438\u0441\u043a\u043e\u043d\u043d\u044b\u0439 \u043e\u0431\u043b\u0438\u043a, \u0438\u043d\u0434\u0438\u0432\u0438\u0434\u0443\u0430\u043b\u044c\u043d\u043e\u0441\u0442\u044c \u0438 \u0438\u0441\u0442\u043e\u0440\u0438\u0447\u0435\u0441\u043a\u0443\u044e \u043f\u0440\u0438\u0432\u043b\u0435\u043a\u0430\u0442\u0435\u043b\u044c\u043d\u043e\u0441\u0442\u044c. \u0418\u043c \u043d\u0430 \u0441\u043c\u0435\u043d\u0443 \u043f\u0440\u0438\u0445\u043e\u0434\u044f\u0442\r\n\u0431\u0435\u0437\u043b\u0438\u043a\u0438\u0435 \u043c\u043d\u043e\u0433\u043e\u044d\u0442\u0430\u0436\u043d\u044b\u0435 \u043e\u0434\u043d\u043e\u0442\u0438\u043f\u043d\u044b\u0435 \u0434\u043e\u043c\u0430 \u0438\u0437 \u0441\u0442\u0435\u043a\u043b\u0430 \u0438 \u0431\u0435\u0442\u043e\u043d\u0430 \u0438\u043b\u0438 \u043f\u0443\u0441\u0442\u044b\u0440\u0438 \u0434\u043b\u044f \u043f\u0430\u0440\u043a\u043e\u0432\u043a\u0438\u00bb. __"}}, {"model": "excursion.descriptionexhibit", "pk": 9, "fields": {"exhibit": 4, "text": "\u041f\u0440\u0435\u0434\u043b\u0430\u0433\u0430\u0435\u043c \u043e\u0437\u043d\u0430\u043a\u043e\u043c\u0438\u0442\u044c\u0441\u044f \u0412\u0430\u043c \u0441 \u0438\u0441\u0442\u043e\u0440\u0438\u0435\u0439 \u0441\u043e\u0437\u0434\u0430\u043d\u0438\u044f \u0440\u0430\u0431\u043e\u0442\u044b \u00ab\u0421\u043f\u0443\u0442\u043d\u0438\u043a\u00bb, \u0440\u0430\u0441\u0441\u043a\u0430\u0437\u0430\u043d\u043d\u043e\u0439 \u0441\u0430\u043c\u0438\u043c \u0445\u0443\u0434\u043e\u0436\u043d\u0438\u043a\u043e\u043c, \u0418\u0432\u0430\u043d\u043e\u043c \u0421\u0438\u043c\u043e\u043d\u043e\u0432\u044b\u043c:"}}, {"model": "excursion.descriptionexhibit", "pk": 10, "fields": {"exhibit": 4, "text": "__\u00ab\u042d\u0442\u0438 \u0433\u0435\u0440\u043e\u0438 \u043f\u043e\u044f\u0432\u0438\u043b\u0438\u0441\u044c \u0443 \u043c\u0435\u043d\u044f \u0432 2017 \u0433\u043e\u0434\u0443, \u043a\u043e\u0433\u0434\u0430 \u044f \u043f\u043e\u0441\u0435\u0442\u0438\u043b \u0417\u0435\u043b\u0435\u043d\u043e\u0433\u0440\u0430\u0434\u0441\u043a. \u0411\u044b\u043b \u043d\u0435\u0432\u0435\u0440\u043e\u044f\u0442\u043d\u043e\u0439 \u0441\u0438\u043b\u044b \u0448\u0442\u043e\u0440\u043c, \u043c\u0435\u043d\u044f \u0441\u043d\u043e\u0441\u0438\u043b\u043e \u0432\u0435\u0442\u0440\u043e\u043c, \u0430 \u0447\u0435\u043b\u043e\u0432\u0435\u043a \u0432\u0434\u043e\u043b\u044c \u043c\u043e\u0440\u044f \u0432\u044b\u0433\u0443\u043b\u0438\u0432\u0430\u043b \u0441\u043e\u0431\u0430\u043a\u0443. \u041e\u043d\u0438 \u0431\u044b\u043b\u0438 \u0441\u043f\u043e\u043a\u043e\u0439\u043d\u044b, \u043a\u0430\u043a \u0431\u0443\u0434\u0442\u043e \u0448\u0442\u043e\u0440\u043c \u0438 \u0443\u0440\u0430\u0433\u0430\u043d\u043d\u044b\u0439 \u0432\u0435\u0442\u0435\u0440 \u044d\u0442\u043e \u043e\u0431\u044b\u0434\u0435\u043d\u043d\u043e\u0441\u0442\u044c. \u041c\u0435\u043d\u044f \u0441\u0438\u043b\u044c\u043d\u043e \u0437\u0430\u0438\u043d\u0442\u0435\u0440\u0435\u0441\u043e\u0432\u0430\u043b \u044d\u0442\u043e\u0442 \u043e\u0431\u0440\u0430\u0437, \u043e\u043d \u043e\u0442\u043b\u0438\u0447\u043d\u043e \u0438\u043b\u043b\u044e\u0441\u0442\u0440\u0438\u0440\u0443\u0435\u0442 \u0432\u0437\u0430\u0438\u043c\u043e\u043e\u0442\u043d\u043e\u0448\u0435\u043d\u0438\u044f \u0447\u0435\u043b\u043e\u0432\u0435\u043a\u0430 \u0438 \u0436\u0438\u0432\u043e\u0442\u043d\u043e\u0433\u043e, \u0438\u0445 \u043f\u0440\u0438\u0432\u044f\u0437\u0430\u043d\u043d\u043e\u0441\u0442\u044c \u0438 \u043f\u0440\u0435\u0434\u0430\u043d\u043d\u043e\u0441\u0442\u044c \u0434\u0440\u0443\u0433 \u0434\u0440\u0443\u0433\u0443. \u041e\u043d\u0438 \u0438\u0434\u0443\u0442 \u0432\u043c\u0435\u0441\u0442\u0435 \u043d\u0435 \u0441\u043c\u043e\u0442\u0440\u044f \u043d\u0438 \u043d\u0430 \u0447\u0442\u043e. \u0412 \u0440\u0430\u0431\u043e\u0442\u0435 \u0441\u043e\u0445\u0440\u0430\u043d\u0435\u043d\u0430 \u0438\u0433\u0440\u0430 \u043c\u0430\u0441\u0448\u0442\u0430\u0431\u043e\u0432 \u0438 \u044f\u0432\u043b\u044f\u0435\u0442\u0441\u044f \u043f\u0440\u043e\u0434\u043e\u043b\u0436\u0435\u043d\u0438\u0435\u043c \u0441\u0435\u0440\u0438\u0438 #\u043c\u0430\u043b\u0435\u043d\u044c\u043a\u0438\u0435\u043b\u044e\u0434\u0438. \u0417\u0430 \u0441\u0447\u0451\u0442 \u043e\u0433\u0440\u043e\u043c\u043d\u043e\u0433\u043e \u0440\u0430\u0437\u043c\u0435\u0440\u0430 \u0441\u0442\u0435\u043d\u044b \u043f\u0435\u0440\u0441\u043e\u043d\u0430\u0436\u0438 \u0442\u0435\u0440\u044f\u044e\u0442\u0441\u044f \u043d\u0430 \u0444\u043e\u043d\u0435 \u0437\u0434\u0430\u043d\u0438\u044f, \u043d\u0435\u0441\u043c\u043e\u0442\u0440\u044f \u043d\u0430 \u0442\u043e, \u0447\u0442\u043e \u0432\u044b\u043f\u043e\u043b\u043d\u0435\u043d\u044b \u0432 \u0440\u0430\u0437\u043c\u0435\u0440\u0435 \u0440\u0435\u0430\u043b\u044c\u043d\u043e\u0433\u043e \u0447\u0435\u043b\u043e\u0432\u0435\u0447\u0435\u0441\u043a\u043e\u0433\u043e \u0440\u043e\u0441\u0442\u0430\u00bb.__"}}, {"model": "excursion.descriptionexhibit", "pk": 11, "fields": {"exhibit": 5, "text": "\u0425\u0443\u0434\u043e\u0436\u043d\u0438\u043a\u0438 Couple of creators \u043d\u0430\u043c\u0435\u0440\u0435\u043d\u043d\u043e \u0441\u043e\u0437\u0434\u0430\u044e\u0442 \u044f\u0440\u043a\u0438\u0435 \u0440\u0430\u0431\u043e\u0442\u044b \u0441 \u0447\u0435\u0442\u043a\u043e \u0447\u0438\u0442\u0430\u0435\u043c\u044b\u043c \u0442\u0435\u043a\u0441\u0442\u043e\u043c. \u042d\u0442\u043e \u043d\u0435\u043c\u043d\u043e\u0433\u043e \u0438\u043d\u043e\u0435 \u043d\u0430\u043f\u0440\u0430\u0432\u043b\u0435\u043d\u0438\u0435 \u0432 \u043e\u0442\u043b\u0438\u0447\u0438\u0435 \u043e\u0442 \u0438\u0441\u043a\u0440\u0438\u0432\u043b\u0451\u043d\u043d\u044b\u0445 \u0442\u044d\u0433\u043e\u0432, \u043a\u043e\u0442\u043e\u0440\u044b\u0435 \u043c\u044b \u043d\u0430\u0445\u043e\u0434\u0438\u043b\u0438 \u043d\u0430 \u0443\u043b\u0438\u0446\u0430\u0445 \u0440\u0430\u043d\u0435\u0435."}}, {"model": "excursion.descriptionexhibit", "pk": 12, "fields": {"exhibit": 5, "text": "\u0420\u0430\u0431\u043e\u0442\u0430 \u0441 \u043d\u0430\u043f\u0438\u0441\u0430\u043d\u0438\u0435\u043c \u0431\u0443\u043a\u0432 \u043f\u043e\u043b\u0443\u0447\u0430\u0435\u0442 \u043d\u0430\u0437\u0432\u0430\u043d\u0438\u0435 \u0440\u0430\u0439\u0442\u0438\u043d\u0433 \u0432 \u0443\u043b\u0438\u0447\u043d\u043e\u0439 \u0441\u0440\u0435\u0434\u0435. \u0412\u0430\u043d\u044f Make, \u043e\u0434\u0438\u043d \u0438\u0437 \u0445\u0443\u0434\u043e\u0436\u043d\u0438\u043a\u043e\u0432 \u0442\u0430\u043d\u0434\u0435\u043c\u0430 Couple of creators, \u0437\u0430\u043d\u0438\u043c\u0430\u0435\u0442\u0441\u044f \u043f\u0440\u0438\u0434\u0443\u043c\u044b\u0432\u0430\u043d\u0438\u0435\u043c \u0441\u043f\u043e\u0441\u043e\u0431\u043e\u0432 \u043d\u0430\u043f\u0438\u0441\u0430\u043d\u0438\u044f \u0431\u0443\u043a\u0432, \u0442\u043e \u0435\u0441\u0442\u044c **\u043b\u0435\u0442\u0442\u0435\u0440\u0438\u043d\u0433\u043e\u043c**."}}, {"model": "excursion.descriptionexhibit", "pk": 13, "fields": {"exhibit": 5, "text": "\u042e\u043b\u0438\u044f JK, \u0432\u0442\u043e\u0440\u0430\u044f \u043f\u043e\u043b\u043e\u0432\u043d\u0430 \u0442\u0430\u043d\u0434\u0435\u043c\u0430 - \u043e\u0442\u0432\u0435\u0447\u0430\u0435\u0442 \u0437\u0430 \u044f\u0440\u043a\u043e\u0441\u0442\u044c \u0438 \u043e\u0431\u044a\u0451\u043c\u043d\u043e\u0441\u0442\u044c \u0446\u0432\u0435\u0442\u043e\u0432. \u0425\u0443\u0434\u043e\u0436\u043d\u0438\u043a\u0438 \u0432\u044b\u0431\u0440\u0430\u043b\u0438 \u0438\u043c\u0435\u043d\u043d\u043e \u0442\u0430\u043a\u0443\u044e \u0444\u043e\u0440\u043c\u0443\u043b\u0438\u0440\u043e\u0432\u043a\u0443, \u0447\u0442\u043e\u0431\u044b \u043f\u0440\u0438\u0432\u043b\u0435\u0447\u044c \u0432\u043d\u0438\u043c\u0430\u043d\u0438\u0435 \u043f\u0440\u043e\u0445\u043e\u0436\u0438\u0445 \u043a \u0441\u0438\u044e\u043c\u0438\u043d\u0443\u0442\u043d\u043e\u0441\u0442\u0438 \u0436\u0438\u0437\u043d\u0438 \u0438 \u0432\u0430\u0436\u043d\u043e\u0441\u0442\u0438 \u043a\u0430\u0436\u0434\u043e\u0433\u043e \u043f\u0440\u043e\u0436\u0438\u0442\u043e\u0433\u043e \u043c\u043e\u043c\u0435\u043d\u0442\u0430."}}, {"model": "excursion.descriptionexhibit", "pk": 14, "fields": {"exhibit": 6, "text": "\u041e\u0442 \u043f\u0430\u0440\u043a\u043e\u0432\u043a\u0438 \u043f\u0440\u0435\u0434\u043b\u0430\u0433\u0430\u0435\u043c \u0412\u0430\u043c \u043f\u0440\u043e\u0439\u0442\u0438 \u043a \u043d\u0435\u0434\u0430\u0432\u043d\u043e \u043e\u0431\u0440\u0430\u0437\u043e\u0432\u0430\u0432\u0448\u0435\u043c\u0443\u0441\u044f \u043f\u0443\u0441\u0442\u044b\u0440\u044e. \u00ab\u0416\u0438\u0437\u043d\u044c \u0432\u0441\u0435\u0433\u0434\u0430 \u043f\u0440\u043e\u0438\u0441\u0445\u043e\u0434\u0438\u0442 \u0441\u0435\u0439\u0447\u0430\u0441\u00bb \u2014 \u0442\u0430\u043a\u0430\u044f \u0444\u0440\u0430\u0437\u0430 \u043e\u0447\u0435\u043d\u044c \u0445\u0430\u0440\u0430\u043a\u0442\u0435\u0440\u043d\u0430 \u0434\u043b\u044f \u043c\u0435\u0441\u0442, \u043a\u043e\u0442\u043e\u0440\u044b\u0435 \u0432\u043d\u0435\u0437\u0430\u043f\u043d\u043e \u043f\u0440\u0435\u0432\u0440\u0430\u0442\u0438\u043b\u0438\u0441\u044c \u0432 \u0440\u0443\u0438\u043d\u044b \u0438 \u043e\u0431\u0440\u0430\u0441\u0442\u0430\u044e\u0442 \u043d\u043e\u0432\u044b\u043c\u0438 \u0441\u043c\u044b\u0441\u043b\u0430\u043c\u0438. \u0421\u0435\u0439\u0447\u0430\u0441 \u0412\u044b \u043e\u043a\u0430\u0437\u0430\u043b\u0438\u0441\u044c \u043d\u0430 \u0432\u0435\u0441\u044c\u043c\u0430 \u043d\u0435\u043e\u0431\u044b\u0447\u043d\u043e\u043c \u043f\u0443\u0441\u0442\u044b\u0440\u0435, \u043a\u043e\u0442\u043e\u0440\u044b\u0439 \u0441\u0442\u0430\u043b \u0446\u0435\u043b\u044b\u043c \u0441\u043f\u043e\u0442\u043e\u043c, \u0442\u043e \u0435\u0441\u0442\u044c \u043c\u0435\u0441\u0442\u043e\u043c \u0441\u0432\u043e\u0431\u043e\u0434\u043d\u043e\u0433\u043e \u0442\u0432\u043e\u0440\u0447\u0435\u0441\u0442\u0432\u0430 \u0438 \u0441\u0432\u043e\u0435\u043e\u0431\u0440\u0430\u0437\u043d\u043e\u0433\u043e \u0441\u043e\u0441\u0442\u044f\u0437\u0430\u043d\u0438\u044f \u0432 \u043c\u0430\u0441\u0442\u0435\u0440\u0441\u0442\u0432\u0435 \u0441\u0440\u0435\u0434\u0438 \u0433\u0440\u0430\u0444\u0444\u0438\u0442\u0447\u0438\u043a\u043e\u0432. \u0421\u043c\u043e\u0442\u0440\u0438\u0442\u0435, \u043a\u0430\u043a \u043c\u043d\u043e\u0433\u043e \u0442\u044d\u0433\u043e\u0432 \u0432\u043e\u043a\u0440\u0443\u0433! \u0414\u0430\u0432\u0430\u0439\u0442\u0435 \u043e\u0441\u043c\u043e\u0442\u0440\u0438\u043c \u0440\u0430\u0431\u043e\u0442\u044b \u0444\u0435\u0441\u0442\u0438\u0432\u0430\u043b\u044f \u00ab\u041d\u0438\u0447\u0435\u0433\u043e \u0441\u0442\u0440\u0430\u0448\u043d\u043e\u0433\u043e\u00bb \u0438 \u043d\u0430\u0439\u0434\u0451\u043c \u0442\u0438\u0433\u0440\u0430!"}}, {"model": "excursion.descriptionexhibit", "pk": 15, "fields": {"exhibit": 6, "text": "\u042d\u0442\u043e\u0433\u043e \u043c\u0438\u043b\u043e\u0433\u043e \u0442\u0438\u0433\u0440\u0430 \u0441\u0434\u0435\u043b\u0430\u043b \u043c\u043e\u0441\u043a\u043e\u0432\u0441\u043a\u0438\u0439 \u0445\u0443\u0434\u043e\u0436\u043d\u0438\u043a \u0410\u043d\u0442\u043e\u043d \u0421\u0430\u043a\u0432\u043e. \u0412 \u0440\u0430\u0431\u043e\u0442\u0430\u0445 \u0410\u043d\u0442\u043e\u043d\u0430 \u0447\u0430\u0441\u0442\u043e \u043f\u0440\u0438\u0441\u0443\u0442\u0441\u0442\u0432\u0443\u0435\u0442 \u0438\u0440\u043e\u043d\u0438\u044f."}}, {"model": "excursion.descriptionexhibit", "pk": 16, "fields": {"exhibit": 7, "text": "\u042d\u0442\u0438 \u0430\u0431\u0441\u0442\u0440\u0430\u043a\u0446\u0438\u0438 \u043d\u0430 \u043a\u0430\u0444\u0435\u043b\u0435 \u0441\u0434\u0435\u043b\u0430\u043b \u0430\u043d\u043e\u043d\u0438\u043c\u043d\u044b\u0439 \u0442\u0432\u043e\u0440\u0447\u0435\u0441\u043a\u0438\u0439 \u043a\u043e\u043b\u043b\u0435\u043a\u0442\u0438\u0432 \u0438\u0437 \u0427\u0435\u043b\u044f\u0431\u0438\u043d\u0441\u043a\u0430 \u2013 \u0425\u043e\u0447\u0443\u0411\u044b\u0442\u044c\u0421\u043e\u043a\u043e\u0432\u044b\u043c. \u0420\u0430\u0431\u043e\u0442\u0430 \u043f\u043e\u043b\u0443\u0447\u0438\u043b\u0430 \u043d\u0430\u0437\u0432\u0430\u043d\u0438\u0435 \u00ab\u0425\u043e\u0440\u043e\u0432\u043e\u0434\u00bb."}}, {"model": "excursion.descriptionexhibit", "pk": 17, "fields": {"exhibit": 7, "text": "\u0421\u043b\u043e\u0436\u043d\u043e \u043f\u0440\u0438\u0434\u0443\u043c\u0430\u0442\u044c \u0447\u0442\u043e-\u0442\u043e \u0431\u043e\u043b\u0435\u0435 \u043d\u0435\u043f\u043e\u043a\u043e\u043b\u0435\u0431\u0438\u043c\u043e\u0435, \u0447\u0435\u043c \u0436\u0435\u043b\u0435\u0437\u043d\u044b\u0435 \u0441\u043f\u043e\u0440\u0442\u0438\u0432\u043d\u044b\u0435 \u0441\u043d\u0430\u0440\u044f\u0434\u044b \u0441 \u0441\u043e\u0432\u0435\u0442\u0441\u043a\u0438\u0445 \u0434\u0435\u0442\u0441\u043a\u0438\u0445 \u043f\u043b\u043e\u0449\u0430\u0434\u043e\u043a. \u041e\u043d\u0438 \u043f\u0435\u0440\u0435\u0436\u0438\u043b\u0438 \u0432\u0437\u0440\u043e\u0441\u043b\u0435\u043d\u0438\u0435 \u043a\u0430\u0436\u0434\u043e\u0433\u043e \u0440\u0435\u0431\u0435\u043d\u043a\u0430 \u0438 \u0441\u0442\u0440\u0430\u043d\u044b \u0432 \u0446\u0435\u043b\u043e\u043c, \u0441\u043e\u0445\u0440\u0430\u043d\u044f\u044f \u043f\u0430\u043c\u044f\u0442\u044c \u0434\u0432\u043e\u0440\u043e\u0432\u043e\u0433\u043e \u0443\u044e\u0442\u0430 \u0434\u043e \u0441\u0438\u0445 \u043f\u043e\u0440. \u0418\u0441\u0445\u043e\u0434\u043d\u043e\u0439 \u0442\u043e\u0447\u043a\u043e\u0439 \u0434\u043b\u044f \u0440\u0430\u0431\u043e\u0442\u044b \u00ab\u0425\u043e\u0440\u043e\u0432\u043e\u0434\u00bb \u0441\u0442\u0430\u043b \u043e\u0434\u0438\u043d \u0438\u0437 \u0442\u0430\u043a\u0438\u0445 \u0441\u043d\u0430\u0440\u044f\u0434\u043e\u0432, \u043d\u0430\u0439\u0434\u0435\u043d\u043d\u044b\u0439 \u0432\u043e \u0434\u0432\u043e\u0440\u0430\u0445 \u0420\u043e\u0441\u0442\u043e\u0432\u0430-\u043d\u0430-\u0414\u043e\u043d\u0443. \u041f\u0440\u0438\u0443\u043c\u043d\u043e\u0436\u0435\u043d\u043d\u044b\u0439, \u043e\u043d \u043f\u0440\u0435\u0432\u0440\u0430\u0442\u0438\u043b\u0441\u044f \u0432 \u043e\u0440\u043d\u0430\u043c\u0435\u043d\u0442-\u043e\u0431\u0435\u0440\u0435\u0433, \u043f\u0435\u0440\u0435\u043d\u043e\u0441\u044f \u0441\u0432\u043e\u044e \u043d\u0435\u043f\u0440\u0438\u043a\u043e\u0441\u043d\u043e\u0432\u0435\u043d\u043d\u043e\u0441\u0442\u044c \u043d\u0430 \u0441\u0442\u0435\u043d\u043a\u0443 \u0434\u043e\u043c\u0430, \u0443\u0441\u0442\u043e\u044f\u0432\u0448\u0435\u0433\u043e \u043e\u0442 \u0441\u043d\u043e\u0441\u0430."}}, {"model": "excursion.descriptionexhibit", "pk": 18, "fields": {"exhibit": 8, "text": "...\u0410 \u043a\u0442\u043e \u044d\u0442\u043e \u0442\u0430\u043c \u0441\u043f\u0440\u044f\u0442\u0430\u043b\u0441\u044f?"}}, {"model": "excursion.descriptionexhibit", "pk": 19, "fields": {"exhibit": 10, "text": "\u0412\u044b \u043e\u043a\u0430\u0437\u0430\u043b\u0438\u0441\u044c \u043d\u0430 \u0443\u043b\u0438\u0446\u0443 \u0422\u0435\u043c\u0435\u0440\u043d\u0438\u0446\u043a\u043e\u0439, \u043d\u0430\u043f\u0440\u043e\u0442\u0438\u0432 \u043d\u0435\u0431\u043e\u043b\u044c\u0448\u043e\u0433\u043e \u0437\u0434\u0430\u043d\u0438\u044f. \u041f\u043e\u0441\u043c\u043e\u0442\u0440\u0438\u0442\u0435 \u0432\u043e\u043a\u0440\u0443\u0433 \u043d\u0430 \u0430\u0440\u0445\u0438\u0442\u0435\u043a\u0442\u0443\u0440\u043d\u044b\u0439 \u043b\u0430\u043d\u0434\u0448\u0430\u0444\u0442."}}, {"model": "excursion.descriptionexhibit", "pk": 20, "fields": {"exhibit": 11, "text": "\u0412\u044b \u043e\u043a\u0430\u0437\u0430\u043b\u0438\u0441\u044c \u043d\u0430 \u0443\u043b\u0438\u0446\u0435 \u0422\u0435\u043c\u0435\u0440\u043d\u0438\u0446\u043a\u043e\u0439, \u043a\u043e\u0442\u043e\u0440\u0430\u044f \u0432 \u043f\u043e\u0441\u043b\u0435\u0434\u043d\u0435\u0435 \u0432\u0440\u0435\u043c\u044f \u0441\u0438\u043b\u044c\u043d\u043e \u043e\u0431\u0440\u0430\u0441\u0442\u0430\u0435\u0442 \u0443\u043b\u0438\u0447\u043d\u044b\u043c \u0438\u0441\u043a\u0443\u0441\u0441\u0442\u0432\u043e\u043c \u2013 \u0442\u0440\u0430\u043d\u0441\u0444\u043e\u0440\u043c\u0430\u0442\u043e\u0440\u043d\u0430\u044f \u0431\u0443\u0434\u043a\u0430 \u0441\u0435\u0439\u0447\u0430\u0441 \u0438\u0437\u043e\u0431\u0440\u0430\u0436\u0430\u0435\u0442 \u0430\u0442\u0440\u0438\u0431\u0443\u0442\u044b \u0445\u043e\u043a\u043a\u0435\u044f, \u0430 \u043d\u0430 \u0441\u0442\u0435\u043d\u0430\u0445 \u043e\u0431\u0449\u0435\u0441\u0442\u0432\u0435\u043d\u043d\u043e\u0433\u043e \u043f\u0440\u043e\u0441\u0442\u0440\u0430\u043d\u0441\u0442\u0432\u0430 \u00ab\u0424\u0430\u043a\u0442\u0443\u0440\u0430\u00bb \u0440\u0430\u0441\u043f\u043e\u043b\u043e\u0436\u0438\u043b\u0438\u0441\u044c \u043a\u0440\u0443\u043f\u043d\u044b\u0435 \u043c\u0443\u0440\u0430\u043b\u044b \u043e\u0442 \u0444\u0435\u0441\u0442\u0438\u0432\u0430\u043b\u044f \u00ab\u041f\u0440\u043e \u041b\u044e\u0431\u043e\u0432\u044c\u00bb."}}, {"model": "excursion.descriptionexhibit", "pk": 21, "fields": {"exhibit": 12, "text": "\u041f\u043e\u0441\u043c\u043e\u0442\u0440\u0438\u0442\u0435 \u043d\u0430 \u0443\u043b\u0438\u0447\u043d\u0443\u044e \u0440\u0430\u0431\u043e\u0442\u0443 \u0441 \u043a\u0440\u0430\u0441\u0438\u0432\u044b\u043c\u0438 \u0434\u0435\u0432\u0443\u0448\u043a\u0430\u043c\u0438 \u0441 \u0446\u0432\u0435\u0442\u0430\u043c\u0438."}}, {"model": "excursion.descriptionexhibit", "pk": 22, "fields": {"exhibit": 13, "text": "\u041e\u0442 \u0440\u044b\u043d\u043a\u0430 \u0438 \u043e\u0431\u0440\u043e\u0441\u0448\u0435\u0433\u043e \u043d\u043e\u0432\u044b\u043c\u0438 \u0432\u0438\u0437\u0443\u0430\u043b\u044c\u043d\u044b\u043c\u0438 \u0441\u043c\u044b\u0441\u043b\u0430\u043c\u0438 \u043c\u0435\u0441\u0442\u0430 \u043c\u044b \u043f\u043e\u043f\u0430\u043b\u0438 \u043d\u0430 \u0443\u043b\u0438\u0446\u0443 \u043f\u043e\u043a\u0430 \u0435\u0449\u0451 \u043e\u0431\u0432\u0435\u0442\u0448\u0430\u043b\u0443\u044e"}}, {"model": "excursion.descriptionexhibit", "pk": 23, "fields": {"exhibit": 14, "text": "\u0420\u0430\u0431\u043e\u0442\u0430 \u0441\u043e\u0437\u0434\u0430\u043d\u0430 \u0445\u0443\u0434\u043e\u0436\u043d\u0438\u043a\u043e\u043c \u0410\u043d\u0434\u0440\u0435\u0435\u043c Youraw \u0438 \u043d\u0430\u0437\u044b\u0432\u0430\u0435\u0442\u0441\u044f \u00ab\u041a\u0432\u0430\u0440\u0442\u0435\u0442\u00bb. \u041e\u0434\u043d\u0430\u043a\u043e, \u043f\u0435\u0440\u0441\u043e\u043d\u0430\u0436\u0435\u0439 \u0432\u0441\u0435\u0433\u043e \u043b\u0438\u0448\u044c \u0442\u0440\u043e\u0435."}}, {"model": "excursion.descriptionexhibit", "pk": 24, "fields": {"exhibit": 15, "text": "\u041f\u043e\u0441\u043b\u0435\u0434\u043d\u0438\u0439 \u043e\u0431\u044a\u0435\u043a\u0442 \u2014 \u0437\u0430\u0431\u0440\u043e\u0448\u0435\u043d\u043d\u044b\u0439 \u0434\u043e\u043b\u0433\u043e\u0441\u0442\u0440\u043e\u0439 \u043d\u0430 \u043f\u0435\u0440\u0435\u0443\u043b\u043a\u0435 \u041c\u0430\u043b\u043e\u043c. \u0418\u0437-\u0437\u0430 \u0434\u0440\u0430\u043c\u0430\u0442\u0438\u0447\u043d\u044b\u0445 \u043e\u0431\u0441\u0442\u043e\u044f\u0442\u0435\u043b\u044c\u0441\u0442\u0432, \u0441\u0442\u0440\u043e\u0438\u0442\u0435\u043b\u044c\u0441\u0442\u0432\u043e \u0436\u0438\u043b\u043e\u0433\u043e \u0434\u043e\u043c\u0430 \u0442\u0430\u043a \u0438 \u0437\u0430\u0441\u0442\u044b\u043b\u043e \u043d\u0430 \u043f\u044f\u0442\u043e\u043c \u0441 \u043f\u043e\u043b\u043e\u0432\u0438\u043d\u043e\u0439 \u044d\u0442\u0430\u0436\u0435 \u0438 \u043d\u0435 \u0441\u0434\u0432\u0438\u0433\u0430\u0435\u0442\u0441\u044f \u0441 \u043c\u0435\u0441\u0442\u0430 \u0443\u0436\u0435 \u0431\u043e\u043b\u0435\u0435 \u0434\u0432\u0430\u0434\u0446\u0430\u0442\u0438 \u043b\u0435\u0442. \u041d\u043e \u044d\u0442\u043e \u0434\u0430\u0451\u0442 \u043f\u043e\u0447\u0432\u0443 \u0434\u043b\u044f \u0443\u043b\u0438\u0447\u043d\u044b\u0445 \u0445\u0443\u0434\u043e\u0436\u043d\u0438\u043a\u043e\u0432 \u0441\u043e\u0437\u0434\u0430\u0432\u0430\u0442\u044c \u0441\u043e\u0431\u0441\u0442\u0432\u0435\u043d\u043d\u044b\u0435 \u0440\u0430\u0431\u043e\u0442\u044b \u0438 \u043d\u0430\u0440\u0430\u0449\u0438\u0432\u0430\u0442\u044c \u043d\u043e\u0432\u044b\u0435 \u0432\u0438\u0437\u0443\u0430\u043b\u044c\u043d\u044b\u0435 \u0441\u043c\u044b\u0441\u043b\u044b \u0432\u043e\u043a\u0440\u0443\u0433 \u0441\u0435\u0440\u044b\u0445 \u0431\u0435\u0442\u043e\u043d\u043d\u044b\u0445 \u0431\u043b\u043e\u043a\u043e\u0432. \u041e\u0442 \u0444\u0435\u0441\u0442\u0438\u0432\u0430\u043b\u044c\u043d\u044b\u0445 \u0440\u0430\u0431\u043e\u0442 \u00ab\u041d\u0438\u0447\u0435\u0433\u043e \u0441\u0442\u0440\u0430\u0448\u043d\u043e\u0433\u043e\u00bb \u043c\u044b \u0434\u043e\u0448\u043b\u0438 \u0441 \u0412\u0430\u043c\u0438 \u0434\u043e \u0436\u0438\u0432\u043e\u0433\u043e \u043c\u0435\u0441\u0442\u0430 \u0441\u043e\u0440\u0435\u0432\u043d\u043e\u0432\u0430\u043d\u0438\u044f \u0432 \u043c\u0430\u0441\u0442\u0435\u0440\u0441\u0442\u0432\u0435 \u0443\u043b\u0438\u0447\u043d\u044b\u0445 \u0445\u0443\u0434\u043e\u0436\u043d\u0438\u043a\u043e\u0432."}}, {"model": "excursion.descriptionexhibit", "pk": 28, "fields": {"exhibit": 17, "text": "\u0414\u0430\u0432\u0430\u0439\u0442\u0435 \u043f\u043e\u0441\u043b\u0435 \u043e\u0441\u0442\u0430\u0442\u043a\u043e\u0432 \u0440\u0430\u0431\u043e\u0442\u044b \u0414\u043c\u0438\u0442\u0440\u0438\u044f \u041b\u0430\u043c\u043e\u043d\u043e\u0432\u0430 \u043f\u043e\u0434\u043e\u0439\u0434\u0451\u043c \u043a \u0447\u0435\u0440\u043d\u043e\\-\u0431\u0435\u043b\u043e\u0439 \u0440\u0430\u0431\u043e\u0442\u0435 \u0418\u043b\u044c\u0438 \u041c\u043e\u0437\u0433\u0438, \u043d\u0430\u0440\u0443\u0448\u0430\u044e\u0449\u0435\u0439 \u0441\u0435\u0440\u043e\u0441\u0442\u044c \u044d\u0442\u043e\u0433\u043e \u044d\u043b\u0435\u043c\u0435\u043d\u0442\u0430\\."}}, {"model": "excursion.descriptionexhibit", "pk": 29, "fields": {"exhibit": 18, "text": "\u042d\u0442\u0443 \u0440\u0430\u0431\u043e\u0442\u0443 \u0441\u0434\u0435\u043b\u0430\u043b \u0443\u043b\u0438\u0447\u043d\u044b\u0439 \u0445\u0443\u0434\u043e\u0436\u043d\u0438\u043a, \u0440\u043e\u0434\u043e\u043c \u0438\u0437 \u041a\u043e\u043b\u043f\u0438\u043d\u043e, \u2013 \u041c\u0430\u043a\u0441\u0438\u043c \u0418\u043c\u0430. \u041c\u0430\u043a\u0441\u0438\u043c \u0443\u0436\u0435 \u0434\u043e\u043b\u0433\u0438\u0435 \u0433\u043e\u0434\u044b \u0441\u043e\u0437\u0434\u0430\u0451\u0442 \u043c\u0443\u0440\u0430\u043b\u044b \u0438 \u0442\u044d\u0433\u0438, \u0443\u0447\u0430\u0441\u0442\u0432\u0443\u0435\u0442 \u0432 \u043a\u0440\u0443\u043f\u043d\u044b\u0445 \u0432\u044b\u0441\u0442\u0430\u0432\u043e\u0447\u043d\u044b\u0445 \u043f\u0440\u043e\u0435\u043a\u0442\u0430\u0445 \u0438 \u0432\u044b\u043f\u0443\u0441\u0442\u0438\u043b \u0441\u0435\u0440\u0438\u044e \u0437\u0438\u043d\u043e\u0432 \u0441 \u0441\u043e\u0431\u0441\u0442\u0432\u0435\u043d\u043d\u043e\u0439 \u0433\u0440\u0430\u0444\u0438\u043a\u043e\u0439."}}, {"model": "excursion.descriptionexhibit", "pk": 30, "fields": {"exhibit": 18, "text": "__\u00ab\u042f \u0431\u044b \u043e\u043f\u0440\u0435\u0434\u0435\u043b\u0438\u043b \u0441\u0432\u043e\u0439 \u0441\u0442\u0438\u043b\u044c \u043e\u0434\u043d\u043e\u0439 \u0438\u0437 \u0440\u0430\u0431\u043e\u0442, \u043a\u043e\u0442\u043e\u0440\u0443\u044e \u0443\u0436\u0435 \u0434\u0435\u043b\u0430\u043b: \u00ab\u0423\u0440\u043e\u0432\u0435\u043d\u044c \u043b\u044e\u0431\u0438\u0442\u0435\u043b\u044c\u0441\u043a\u0438\u0439, \u043d\u043e \u0441\u0434\u0435\u043b\u0430\u043d\u043e \u0441 \u043b\u044e\u0431\u043e\u0432\u044c\u044e\u00bb. \u0412\u043e \u0432\u0441\u0435\u0445 \u043c\u043e\u0438\u0445 \u0440\u0430\u0431\u043e\u0442\u0430\u0445 \u0438\u0434\u0435\u044f \u0434\u043e \u043a\u043e\u043d\u0446\u0430 \u043d\u0435 \u0441\u0444\u043e\u0440\u043c\u0438\u0440\u043e\u0432\u0430\u043d\u0430, \u0443 \u043c\u0435\u043d\u044f \u0431\u044b\u043b\u0430 \u0446\u0435\u043b\u044c \u043d\u0430\u0439\u0442\u0438 \u043c\u0435\u0441\u0442\u043e, \u0441 \u043a\u043e\u0442\u043e\u0440\u044b\u043c \u043c\u043e\u0436\u043d\u043e \u043a\u0430\u043a-\u0442\u043e \u043f\u043e\u0432\u0437\u0430\u0438\u043c\u043e\u0434\u0435\u0439\u0441\u0442\u0432\u043e\u0432\u0430\u0442\u044c\u00bb__ \u2013 \u0442\u0430\u043a \u043e\u0445\u0430\u0440\u0430\u043a\u0442\u0435\u0440\u0438\u0437\u043e\u0432\u0430\u043b \u0441\u0432\u043e\u0439 \u0442\u0432\u043e\u0440\u0447\u0435\u0441\u043a\u0438\u0439 \u043c\u0435\u0442\u043e\u0434 \u041c\u0430\u043a\u0441\u0438\u043c. \u0418\u043c\u0435\u043d\u043d\u043e \u044d\u0442\u0430 \u0446\u0438\u0442\u0430\u0442\u0430 \u0441\u0442\u0430\u043b\u0430 \u043d\u0430\u0437\u0432\u0430\u043d\u0438\u0435\u043c \u0434\u043b\u044f \u043d\u0430\u0448\u0435\u0433\u043e \u043c\u0430\u0440\u0448\u0440\u0443\u0442\u0430!"}}, {"model": "excursion.descriptionexhibit", "pk": 31, "fields": {"exhibit": 19, "text": "\u041f\u043e\u043f\u0440\u043e\u0431\u0443\u0439\u0442\u0435 \u043f\u043e\u0432\u0437\u0430\u0438\u043c\u043e\u0434\u0435\u0439\u0441\u0442\u0432\u043e\u0432\u0430\u0442\u044c \u0441 \u044d\u0442\u043e\u0439 \u0440\u0430\u0431\u043e\u0442\u043e\u0439!"}}, {"model": "excursion.descriptionexhibit", "pk": 32, "fields": {"exhibit": 20, "text": "\u041f\u0440\u0435\u0434\u043b\u0430\u0433\u0430\u0435\u043c \u0412\u0430\u043c \u043f\u043e\u0434\u043e\u0439\u0442\u0438 \u0431\u043b\u0438\u0436\u0435 \u043a \u0440\u0430\u0431\u043e\u0442\u0435, \u043a\u043e\u0442\u043e\u0440\u0443\u044e \u0432\u0435\u0441\u044c \u0442\u044f\u0436\u0435\u043b\u043e \u043e\u043f\u043e\u0437\u043d\u0430\u0442\u044c \u0438\u0437-\u0437\u0430 \u0432\u0435\u0442\u043e\u043a \u0434\u0435\u0440\u0435\u0432\u044c\u0435\u0432. \u041d\u043e \u0441\u0440\u0435\u0434\u0438 \u043d\u0438\u0445 \u0437\u0430\u0442\u0430\u0438\u043b\u0438\u0441\u044c \u0446\u0432\u0435\u0442\u044b \u0438 \u0444\u0440\u0430\u0437\u0430."}}, {"model": "excursion.descriptionexhibit", "pk": 33, "fields": {"exhibit": 21, "text": "\u041c\u044b \u0437\u0430\u0432\u0435\u043b\u0438 \u0412\u0430\u0441 \u0432 \u043c\u0435\u0441\u0442\u043e \u043e \u043a\u043e\u0442\u043e\u0440\u043e\u043c \u0437\u043d\u0430\u044e\u0442 \u0442\u043e\u043b\u044c\u043a\u043e \u0443\u043b\u0438\u0447\u043d\u044b\u0435 \u0445\u0443\u0434\u043e\u0436\u043d\u0438\u043a\u0438 \u2014 *\u0441\u043f\u043e\u0442*\\. \u042d\u0442\u043e \u043c\u0435\u0441\u0442\u043e\\, \u0433\u0434\u0435 \u043a\u0430\u0436\u0434\u0443\u044e \u043d\u0435\u0434\u0435\u043b\u044e \u043f\u043e\u044f\u0432\u043b\u044f\u044e\u0442\u0441\u044f \u043d\u043e\u0432\u044b\u0435 \u0440\u0430\u0431\u043e\u0442\u044b\\, \u0430 \u0430\u0432\u0442\u043e\u0440\u044b \u043f\u0435\u0440\u0435\u043a\u0440\u044b\u0432\u0430\u044e\u0442 \u0434\u0440\u0443\u0433 \u0434\u0440\u0443\u0433\u0430\\, \u0432\u0435\u0434\u044c \u0432 \u0442\u0430\u043a\u0438\u0445 \u043c\u0435\u0441\u0442\u0430\u0445 \u043d\u0435\u0442 \u043e\u0433\u0440\u0430\u043d\u0438\u0447\u0435\u043d\u0438\u0439\\. \u0422\u043e\u043b\u044c\u043a\u043e \u0441\u0432\u043e\u0431\u043e\u0434\u0430 \u0442\u0432\u043e\u0440\u0447\u0435\u0441\u0442\u0432\u0430\\!\r\n<MarkdownV2>"}}, {"model": "excursion.descriptionexhibit", "pk": 34, "fields": {"exhibit": 22, "text": "\u041f\u043e\u0447\u0442\u0438 \u0432\u0441\u0435 \u043f\u0440\u043e\u0438\u0437\u0432\u0435\u0434\u0435\u043d\u0438\u044f \u0443\u043b\u0438\u0447\u043d\u044b\u0445 \u0445\u0443\u0434\u043e\u0436\u043d\u0438\u043a\u043e\u0432 \u043d\u0430 \u043d\u0430\u0448\u0435\u043c \u043c\u0430\u0440\u0448\u0440\u0443\u0442\u0435 *\u0441\u0430\u0439\u0442\\-\u0441\u043f\u0435\u0446\u0438\u0444\u0438\u0447\u043d\u044b\u0439* \\(\u043e\u0442 \u0430\u043d\u0433\u043b\\. site\\-specific\\) \u2013 \u0442\u043e \u0435\u0441\u0442\u044c \u0442\u0430\u043a \u0438\u043b\u0438 \u0438\u043d\u0430\u0447\u0435 \u0432\u0437\u0430\u0438\u043c\u043e\u0434\u0435\u0439\u0441\u0442\u0432\u0443\u044e\u0442 \u0441 \u0433\u043e\u0440\u043e\u0434\u0441\u043a\u0438\u043c \u043f\u0440\u043e\u0441\u0442\u0440\u0430\u043d\u0441\u0442\u0432\u043e\u043c \u0438\u043b\u0438 \u043e\u0441\u043e\u0431\u0435\u043d\u043d\u043e\u0441\u0442\u044f\u043c\u0438 \u0434\u043e\u043c\u0430\\. \u0412\u043e\u0442 \u0438 \u0437\u0434\u0435\u0441\u044c\\, \u043f\u0440\u043e\u0442\u044f\u043d\u0443\u0432\u0448\u0430\u044f\u0441\u044f \u0432\u0434\u043e\u043b\u044c \u0444\u0430\u0441\u0430\u0434\u0430 \u0442\u0440\u0435\u0449\u0438\u043d\u0430 \u0438\u0440\u043e\u043d\u0438\u0447\u043d\u043e \u043f\u0440\u0438\u043a\u0440\u044b\u0442\u0430 \u0410\u043d\u0442\u043e\u043d\u043e\u043c \u0421\u0430\u043a\u0432\u043e \u043a\u043e\u0432\u0440\u043e\u043c\\. \u0415\u0441\u043b\u0438 \u043f\u0440\u0438\u0433\u043b\u044f\u0434\u0435\u0442\u044c\u0441\u044f\\, \u043d\u0430 \u043d\u0451\u043c \u0412\u044b \u043c\u043e\u0436\u0435\u0442\u0435 \u0440\u0430\u0437\u0433\u043b\u044f\u0434\u0435\u0442\u044c \u0431\u0443\u043a\u0432\u044b \u0421\\, \u0410\\. \u041a\\, \u0412 \u0438 \u041e\\.\r\n<MarkdownV2>"}}, {"model": "excursion.descriptionexhibit", "pk": 35, "fields": {"exhibit": 23, "text": "_\u00ab\u0421\u044e\u0436\u0435\u0442 \u0440\u0430\u0431\u043e\u0442\u044b \u0431\u044b\u043b \u043f\u0440\u0438\u0434\u0443\u043c\u0430\u043d \u043c\u043d\u043e\u0439 \u0432 \u0441\u043e\u0441\u0442\u043e\u044f\u043d\u0438\u0438 \u0432\u043b\u044e\u0431\u043b\u0451\u043d\u043d\u043e\u0441\u0442\u0438\\, \u043f\u043e\u044d\u0442\u043e\u043c\u0443 \u043a \u044d\u0442\u043e\u0439 \u0440\u0443\u0441\u0430\u043b\u043a\u0435 \u0443 \u043c\u0435\u043d\u044f \u043e\u0447\u0435\u043d\u044c \u0442\u0451\u043f\u043b\u044b\u0435 \u0447\u0443\u0432\u0441\u0442\u0432\u0430\\. \u041a\u043e\u043d\u0435\u0447\u043d\u043e\\, \u044d\u0442\u043e \u0441\u0432\u043e\u0435\u043e\u0431\u0440\u0430\u0437\u043d\u044b\u0439 \u0430\u0432\u0442\u043e\u043f\u043e\u0440\u0442\u0440\u0435\u0442 \u043c\u043e\u0435\u0433\u043e \u0441\u043e\u0441\u0442\u043e\u044f\u043d\u0438\u044f \u043d\u0430 \u0442\u043e\u0442 \u043c\u043e\u043c\u0435\u043d\u0442\\. \u041c\u043e\u0440\u0441\u043a\u0430\u044f \u0442\u0435\u043c\u0430 \u0434\u043b\u044f \u043c\u0435\u043d\u044f \u0432\u0441\u0435\u0433\u0434\u0430 \u0431\u044b\u043b\u0430 \u0431\u043b\u0438\u0437\u043a\u043e\u0439 \u0438 \u0434\u043b\u044f \u0438\u0434\u0435\u0430\u043b\u044c\u043d\u043e\u0439 \u0436\u0438\u0437\u043d\u0438 \u0432 \u0420\u043e\u0441\u0442\u043e\u0432\u0435 \u043d\u0435 \u0445\u0432\u0430\u0442\u0430\u043b\u043e \u0442\u043e\u043b\u044c\u043a\u043e \u043c\u043e\u0440\u044f\\.\r\n\u00ab\u0417\u0430\u043a\u0440\u043e\u0439 \u0433\u043b\u0430\u0437\u0430\u00bb \u0438 \u00ab\u043e\u0442\u043a\u0440\u043e\u0439 \u0441\u0432\u043e\u0451 \u0441\u0435\u0440\u0434\u0446\u0435\u00bb \u2013 \u043c\u043e\u0439 \u043e\u0441\u043d\u043e\u0432\u043d\u043e\u0439 \u043f\u043e\u0441\u044b\u043b\\. \u042f \u0445\u043e\u0447\u0443 \u0441\u043a\u0430\u0437\u0430\u0442\u044c \u043e \u0442\u043e\u043c\\, \u0447\u0442\u043e \u0433\u043b\u0430\u0432\u043d\u044b\u0439 \u043e\u0440\u0438\u0435\u043d\u0442\u0438\u0440 \u0432 \u0441\u0430\u043c\u044b\u0445 \u0432\u0430\u0436\u043d\u044b\u0445 \u0432\u043e\u043f\u0440\u043e\u0441\u0430\u0445 \u0432\u0441\u0435\u0433\u0434\u0430 \u043d\u0430\u0445\u043e\u0434\u0438\u0442\u0441\u044f \u0432\u043d\u0443\u0442\u0440\u0438 \u043d\u0430\u0441 \u0441\u0430\u043c\u0438\u0445\\. \u041e\u0447\u0435\u043d\u044c \u0432\u0430\u0436\u043d\u043e \u0434\u0435\u0440\u0436\u0430\u0442\u044c \u0441\u0435\u0440\u0434\u0446\u0435 \u043e\u0442\u043a\u0440\u044b\u0442\u044b\u043c\\, \u0447\u0442\u043e\u0431\u044b \u043f\u043e\u043d\u0438\u043c\u0430\u0442\u044c \u044d\u0442\u043e\u0442 \u043c\u0438\u0440\\. \u0418\u043d\u043e\u0433\u0434\u0430 \u0434\u043b\u044f \u044d\u0442\u043e\u0433\u043e \u043f\u0440\u0438\u0445\u043e\u0434\u0438\u0442\u0441\u044f \u00ab\u0437\u0430\u043a\u0440\u044b\u0442\u044c \u0433\u043b\u0430\u0437\u0430\u00bb \u0438 \u043f\u0440\u0438\u0441\u043b\u0443\u0448\u0430\u0442\u044c\u0441\u044f \u043a \u0441\u0435\u0431\u0435\\. \u0427\u0430\u0441\u0442\u043e \u044d\u0442\u043e \u043f\u043e\u0437\u0432\u043e\u043b\u044f\u0435\u0442 \u043e\u0431\u0440\u0435\u0441\u0442\u0438 \u0441\u043f\u043e\u043a\u043e\u0439\u0441\u0442\u0432\u0438\u0435\\. \u041d\u0430 \u0434\u0440\u0443\u0433\u043e\u0439 \u0441\u0442\u043e\u0440\u043e\u043d\u0435 \u0437\u0434\u0430\u043d\u0438\u044f \u043a\u043e\u043c\u043f\u043e\u0437\u0438\u0446\u0438\u044e \u0434\u043e\u043f\u043e\u043b\u043d\u044f\u0435\u0442 \u043c\u0430\u044f\u043a\\. \u041c\u0430\u044f\u043a \u043c\u043e\u0439 \u043b\u044e\u0431\u0438\u043c\u044b\u0439 \u043e\u0431\u0440\u0430\u0437 \u0432 \u0442\u0432\u043e\u0440\u0447\u0435\u0441\u0442\u0432\u0435\\. \u0412 \u043f\u0443\u0442\u0435\u0448\u0435\u0441\u0442\u0432\u0438\u044f\u0445 \u044f \u0432\u0441\u0435\u0433\u0434\u0430 \u0441\u0442\u0440\u0435\u043c\u043b\u044e\u0441\u044c \u043a \u043c\u0435\u0441\u0442\u0430\u043c\\, \u0433\u0434\u0435 \u043c\u043e\u0436\u043d\u043e \u043f\u043e\u0441\u043c\u043e\u0442\u0440\u0435\u0442\u044c \u0438 \u043f\u043e\u0440\u0438\u0441\u043e\u0432\u0430\u0442\u044c \u043c\u0430\u044f\u043a\u0438\\. \u041e\u043d \u043a\u0430\u043a \u0440\u0435\u0430\u043b\u044c\u043d\u044b\u0439 \u043e\u0440\u0438\u0435\u043d\u0442\u0438\u0440 \u0432\u0435\u0440\u043d\u043e\u0433\u043e \u043f\u0443\u0442\u0438\\, \u043e\u0440\u0438\u0435\u043d\u0442\u0438\u0440\\, \u043a\u043e\u0442\u043e\u0440\u044b\u0439 \u043c\u044b \u0438\u0449\u0435\u043c \u0432 \u0436\u0438\u0437\u043d\u0438\\, \u0438 \u043a\u043e\u0442\u043e\u0440\u044b\u0439 \u0432\u0441\u0435\u0433\u0434\u0430 \u0435\u0441\u0442\u044c \u0432 \u043d\u0430\u0448\u0435\u043c \u0441\u0435\u0440\u0434\u0446\u0435\u00bb_\r\n<MarkdownV2>"}}, {"model": "excursion.descriptionexhibit", "pk": 36, "fields": {"exhibit": 23, "text": "\u2013 \u043f\u043e\u044f\u0441\u043d\u044f\u0435\u0442 \u0410\u043d\u0430\u0441\u0442\u0430\u0441\u0438\u044f \u0411\u0430\u0431\u0438\u0447, \u0441\u043e\u0437\u0434\u0430\u0442\u0435\u043b\u044c\u043d\u0438\u0446\u0430 \u044d\u0442\u043e\u0439 \u0440\u0435\u0430\u043b\u0438\u0441\u0442\u0438\u0447\u043d\u043e\u0439 \u0438 \u0441\u043a\u0430\u0437\u043e\u0447\u043d\u043e\u0439 \u043e\u0434\u043d\u043e\u0432\u0440\u0435\u043c\u0435\u043d\u043d\u043e \u0440\u0430\u0431\u043e\u0442\u044b."}}, {"model": "excursion.descriptionexhibit", "pk": 37, "fields": {"exhibit": 24, "text": "\u0427\u0442\u043e \u0412\u044b \u0432\u0438\u0434\u0438\u0442\u0435 \u043d\u0430 \u0440\u0430\u0431\u043e\u0442\u0435 \u0412\u0430\u0434\u0438\u043c\u0430 \u0421\u043b\u0443\u0444\u0430 \u00ab\u0412\u0437\u0440\u043e\u0441\u043b\u043e\u0441\u0442\u044c\u00bb?"}}, {"model": "excursion.descriptionexhibit", "pk": 38, "fields": {"exhibit": 24, "text": "\u041a\u0430\u043a \u0434\u0443\u043c\u0430\u0435\u0442\u0435, \u0447\u0442\u043e \u044d\u0442\u043e \u0437\u0430 \u043f\u0435\u0440\u0441\u043e\u043d\u0430\u0436 \u043f\u0435\u0440\u0435\u0434 \u043d\u0430\u043c\u0438? \u041a\u0430\u043a\u0430\u044f \u0443 \u043d\u0435\u0433\u043e \u0438\u0441\u0442\u043e\u0440\u0438\u044f?"}}, {"model": "excursion.descriptionexhibit", "pk": 39, "fields": {"exhibit": 25, "text": "\u0412\u043e\u0442, \u0447\u0442\u043e \u043f\u0438\u0448\u0435\u0442 \u043e \u0441\u0432\u043e\u0435\u0439 \u0440\u0430\u0431\u043e\u0442\u0435 \u0430\u0432\u0442\u043e\u0440:"}}, {"model": "excursion.descriptionexhibit", "pk": 40, "fields": {"exhibit": 25, "text": "_\u00ab\u0418\u0434\u0435\u044f \u043c\u0443\u0440\u0430\u043b\u0430 \u0432\u0438\u0441\u0438\u0442 \u0432 \u0432\u043e\u0437\u0434\u0443\u0445\u0435 \u2013 \u044d\u0442\u043e \u043f\u0440\u043e\u0431\u043b\u0435\u043c\u044b \u0432\u0441\u0435\u0433\u043e \u043c\u0438\u0440\u0430 \u0441 \u044d\u043a\u043e\u043b\u043e\u0433\u0438\u0435\u0439\\. \u0421\u0430\u043c\u0443 \u0440\u0430\u0431\u043e\u0442\u0443 \u044f \u043e\u0447\u0435\u043d\u044c \u0445\u043e\u0442\u0435\u043b \u0431\u044b \u043d\u0430\u0437\u0432\u0430\u0442\u044c \"\u0432\u0435\u0441\u043d\u0430\"\\. \u0421 \u043e\u0434\u043d\u0438\u043c \u043d\u043e\\, \u043f\u043e\u0442\u043e\u043c\u0443 \u0447\u0442\u043e \u0445\u043e\u0447\u0435\u0442\u0441\u044f \u0432\u0434\u043e\u0445\u043d\u0443\u0442\u044c\\, \u0430 \u043d\u0435 \u043f\u043e\u043b\u0443\u0447\u0430\u0435\u0442\u0441\u044f\\, \u0432\u043e\u043a\u0440\u0443\u0433 \u0446\u043e\u043a\u043e\u0442\u044f\u0442 \u0434\u0438\u0437\u0435\u043b\u044f\\, \u0433\u043e\u0440\u0438\u0442 \u0442\u043e\u043f\u043b\u0438\u0432\u043e \u0438 \u0440\u0430\u0431\u043e\u0442\u0430\u044e\u0442 \u0437\u0430\u0432\u043e\u0434\u044b\\. \u041e\u0434\u043d\u0430 \u043d\u0430\u0434\u0435\u0436\u0434\u0430 \u043d\u0430 \u0442\u043e\\, \u0447\u0442\u043e \u043f\u0440\u0438\u0440\u043e\u0434\u0430 \u0441\u043c\u043e\u0436\u0435\u0442 \u0432\u0441\u0435 \u044d\u0442\u043e \u043f\u0435\u0440\u0435\u0432\u0430\u0440\u0438\u0442\u044c\\. \u041f\u043e\u044d\u0442\u043e\u043c\u0443 \u0432 \u0440\u0430\u0431\u043e\u0442\u0435 \u0438\u0437\u043e\u0431\u0440\u0430\u0436\u0435\u043d\u043e \u0442\u043e\\, \u0447\u0435\u0433\u043e \u043c\u043d\u0435 \u043b\u0438\u0447\u043d\u043e \u043e\u0447\u0435\u043d\u044c \u043d\u0435 \u0445\u0432\u0430\u0442\u0430\u0435\u0442 \u2013 \u043c\u043d\u043e\u0433\u043e \u0437\u0435\u043b\u0435\u043d\u0438\\, \u043f\u0442\u0438\u0446 \u0438 \u0441\u0432\u0435\u0436\u0435\u0433\u043e \u0432\u043e\u0437\u0434\u0443\u0445\u0430\\.\u00bb_\r\n<MarkdownV2>"}}, {"model": "excursion.descriptionexhibit", "pk": 46, "fields": {"exhibit": 27, "text": "\u0420\u0430\u0431\u043e\u0442\u0430 \u043c\u043e\u0441\u043a\u043e\u0432\u0441\u043a\u043e\u0433\u043e \u0445\u0443\u0434\u043e\u0436\u043d\u0438\u043a\u0430 \u0414\u043c\u0438\u0442\u0440\u0438\u044f \u041b\u0430\u043c\u043e\u043d\u043e\u0432\u0430. \u0414\u043c\u0438\u0442\u0440\u0438\u0439 \u0432\u0434\u043e\u0445\u043d\u043e\u0432\u0438\u043b\u0441\u044f \u0442\u0440\u0430\u0434\u0438\u0446\u0438\u043e\u043d\u043d\u044b\u043c \u0443\u0437\u043e\u0440\u043e\u043c \u0445\u043e\u0445\u043b\u043e\u043c\u044b \u0438 \u043f\u0435\u0440\u0435\u043f\u043b\u0451\u043b \u0435\u0451 \u0441 \u044f\u0440\u043a\u0438\u043c\u0438 \u043f\u0438\u043a\u0441\u0435\u043b\u044f\u043c\u0438 \u0432\u0438\u0440\u0442\u0443\u0430\u043b\u044c\u043d\u043e\u0433\u043e \u043c\u0438\u0440\u0430."}}, {"model": "excursion.descriptionexhibit", "pk": 47, "fields": {"exhibit": 27, "text": "\u0412\u043e \u0432\u0440\u0435\u043c\u044f \u043f\u0440\u0435\u0431\u044b\u0432\u0430\u043d\u0438\u044f \u0432 \u0420\u043e\u0441\u0442\u043e\u0432\u0435 \u0445\u0443\u0434\u043e\u0436\u043d\u0438\u043a \u043e\u0437\u043d\u0430\u043a\u043e\u043c\u0438\u043b\u0441\u044f \u0441 \u0442\u0440\u0430\u0434\u0438\u0446\u0438\u043e\u043d\u043d\u043e\u0439 \u0441\u0435\u043c\u0438\u043a\u0430\u0440\u0430\u043a\u043e\u0440\u0441\u043a\u043e\u0439 \u0440\u043e\u0441\u043f\u0438\u0441\u044c\u044e \u0438, \u0432\u043e\u0437\u043c\u043e\u0436\u043d\u043e, \u0432 \u0441\u043a\u043e\u0440\u043e\u043c \u0432\u0440\u0435\u043c\u0435\u043d\u0438 \u043c\u044b \u0443\u0432\u0438\u0434\u0438\u043c \u0438 \u044d\u0442\u043e\u0442 \u0443\u0437\u043e\u0440 \u043d\u0430 \u0440\u0430\u0431\u043e\u0442\u0430\u0445 \u0414\u043c\u0438\u0442\u0440\u0438\u0439 \u041b\u0430\u043c\u043e\u043d\u043e\u0432\u0430."}}, {"model": "excursion.descriptionexhibit", "pk": 48, "fields": {"exhibit": 27, "text": "\u0417\u0434\u0430\u043d\u0438\u0435, \u043d\u0430 \u043a\u043e\u0442\u043e\u0440\u043e\u043c \u043f\u043e \u0431\u043e\u043b\u044c\u0448\u0435\u0439 \u0447\u0430\u0441\u0442\u0438 \u0440\u0430\u0441\u043f\u043e\u043b\u0430\u0433\u0430\u043b\u0438\u0441\u044c \u0446\u0432\u0435\u0442\u044b, \u043a \u0441\u043e\u0436\u0430\u043b\u0435\u043d\u0438\u044e \u043f\u043e\u0434\u0432\u0435\u0440\u0433\u043b\u0438 \u0441\u043d\u043e\u0441\u0443. \u041d\u043e \u0447\u0430\u0441\u0442\u044c \u0440\u0430\u0431\u043e\u0442\u0443 \u043e\u0441\u0442\u0430\u043b\u0430\u0441\u044c \u043d\u0430 \u043a\u0438\u0440\u043f\u0438\u0447\u043d\u043e\u0439 \u043b\u0435\u0441\u0442\u043d\u0438\u0446\u0435 \u0441\u043d\u0438\u0437\u0443"}}, {"model": "excursion.descriptionexhibit", "pk": 49, "fields": {"exhibit": 25, "text": "_\u00ab\u042d\u0442\u0430 \u0440\u0430\u0431\u043e\u0442\u0430 \u0442\u043e\u0436\u0435 \u044d\u043a\u0441\u043f\u0435\u0440\u0438\u043c\u0435\u043d\u0442\u0430\u043b\u044c\u043d\u0430\u044f\\, \u043e\u043d\u0430 \u044f\u0440\u043a\u0430\u044f\\, \u043b\u0451\u0433\u043a\u0430\u044f\\, \u043d\u043e\\, \u0441 \u0434\u0440\u0443\u0433\u043e\u0439 \u0441\u0442\u043e\u0440\u043e\u043d\u044b\\, \u0435\u0441\u0442\u044c \u0442\u044f\u0436\u0435\u043b\u043e\u0432\u0430\u0442\u043e\u0435 \u043f\u043e\u0441\u043b\u0435\u0432\u043a\u0443\u0441\u0438\u0435\\. \u041d\u0430\u043c \u0432\u0441\u0435\u043c \u043f\u043e\u0440\u0430 \u0441\u043d\u044f\u0442\u044c \u0441\u043a\u0430\u0444\u0430\u043d\u0434\u0440\u044b\\, \u0432\u044b\u043b\u0435\u0437\u0442\u0438 \u0438\u0437 \u0441\u0432\u043e\u0438\u0445 \u043a\u043e\u0440\u043e\u0431\u043e\u043a\\, \u0438 \u043f\u043e\u0434\u044b\u0448\u0430\u0442\u044c \u0442\u0435\u043c \u0432\u043e\u0437\u0434\u0443\u0445\u043e\u043c\\, \u043a\u043e\u0442\u043e\u0440\u044b\u0439 \u043c\u044b \u0438\u043c\u0435\u0435\u043c\u00bb\\._\r\n<MarkdownV2>"}}, {"model": "excursion.reflectionexhibit", "pk": 2, "fields": {"author": "tepeshvlad", "text": "\u0432\u044b\u0441\u043e\u043a\u0438\u0435 \u0438 \u043a\u0440\u0430\u0441\u0438\u0432\u044b\u0435", "pub_date": "2023-08-30T13:18:07.984Z", "contact": "350114238", "exhibit": 10, "rating": 8}}, {"model": "excursion.reflectionexhibit", "pk": 3, "fields": {"author": "tepeshvlad", "text": "\u043d\u0435\u0442", "pub_date": "2023-08-30T13:18:36.426Z", "contact": "350114238", "exhibit": 11, "rating": 9}}, {"model": "excursion.reflectionexhibit", "pk": 4, "fields": {"author": "tepeshvlad", "text": "\u0440\u0430\u0441\u0446\u0432\u0435\u043b\u0438", "pub_date": "2023-08-30T13:18:59.676Z", "contact": "350114238", "exhibit": 12, "rating": 8}}, {"model": "excursion.reflectionexhibit", "pk": 5, "fields": {"author": "tepeshvlad", "text": "dfsfs", "pub_date": "2023-08-30T13:20:06.159Z", "contact": "350114238", "exhibit": 13, "rating": 3}}, {"model": "excursion.reflectionexhibit", "pk": 6, "fields": {"author": "tepeshvlad", "text": "z", "pub_date": "2023-08-30T13:20:19.093Z", "contact": "350114238", "exhibit": 14, "rating": 8}}, {"model": "excursion.reflectionexhibit", "pk": 7, "fields": {"author": "tepeshvlad", "text": "sdfsdfsdf", "pub_date": "2023-08-30T13:20:33.284Z", "contact": "350114238", "exhibit": 15, "rating": 9}}, {"model": "excursion.reflectionexhibit", "pk": 9, "fields": {"author": "tepeshvlad", "text": "cvb", "pub_date": "2023-08-30T13:25:54.739Z", "contact": "350114238", "exhibit": 10, "rating": 6}}, {"model": "excursion.reflectionexhibit", "pk": 10, "fields": {"author": "tepeshvlad", "text": "gb", "pub_date": "2023-08-30T13:26:15.476Z", "contact": "350114238", "exhibit": 11, "rating": 10}}, {"model": "excursion.reflectionexhibit", "pk": 11, "fields": {"author": "tepeshvlad", "text": "sdf", "pub_date": "2023-08-30T13:26:27.283Z", "contact": "350114238", "exhibit": 12, "rating": 7}}, {"model": "excursion.reflectionexhibit", "pk": 12, "fields": {"author": "tepeshvlad", "text": "dffdg", "pub_date": "2023-08-30T13:27:52.785Z", "contact": "350114238", "exhibit": 12, "rating": 8}}, {"model": "excursion.reflectionexhibit", "pk": 13, "fields": {"author": "tepeshvlad", "text": "op", "pub_date": "2023-08-30T13:28:05.379Z", "contact": "350114238", "exhibit": 13, "rating": 9}}, {"model": "excursion.reflectionexhibit", "pk": 14, "fields": {"author": "tepeshvlad", "text": "op", "pub_date": "2023-08-30T13:28:12.364Z", "contact": "350114238", "exhibit": 14, "rating": 9}}, {"model": "excursion.reflectionexhibit", "pk": 15, "fields": {"author": "tepeshvlad", "text": "op", "pub_date": "2023-08-30T13:28:16.346Z", "contact": "350114238", "exhibit": 14, "rating": 4}}, {"model": "excursion.reflectionexhibit", "pk": 16, "fields": {"author": "tepeshvlad", "text": "op", "pub_date": "2023-08-30T13:28:24.026Z", "contact": "350114238", "exhibit": 15, "rating": 9}}, {"model": "excursion.reflectionexhibit", "pk": 18, "fields": {"author": "tepeshvlad", "text": "\u0430\u043f\u0432\u0430\u043f\u0432", "pub_date": "2023-08-30T13:33:14.536Z", "contact": "350114238", "exhibit": 17, "rating": 9}}, {"model": "excursion.reflectionexhibit", "pk": 19, "fields": {"author": "bonbonbbb", "text": "dg", "pub_date": "2023-08-30T14:37:41.864Z", "contact": "5795411552", "exhibit": 10, "rating": 7}}, {"model": "excursion.reflectionexhibit", "pk": 20, "fields": {"author": "bonbonbbb", "text": "gdsg", "pub_date": "2023-08-30T14:37:53.741Z", "contact": "5795411552", "exhibit": 11, "rating": 7}}, {"model": "excursion.reflectionexhibit", "pk": 21, "fields": {"author": "bonbonbbb", "text": "gds", "pub_date": "2023-08-30T14:38:03.039Z", "contact": "5795411552", "exhibit": 12, "rating": 8}}, {"model": "excursion.reflectionexhibit", "pk": 22, "fields": {"author": "bonbonbbb", "text": "gdsg", "pub_date": "2023-08-30T14:38:19.143Z", "contact": "5795411552", "exhibit": 13, "rating": 8}}, {"model": "excursion.reflectionexhibit", "pk": 23, "fields": {"author": "bonbonbbb", "text": "cxbxc", "pub_date": "2023-08-30T14:38:27.807Z", "contact": "5795411552", "exhibit": 14, "rating": 7}}, {"model": "excursion.reflectionexhibit", "pk": 24, "fields": {"author": "bonbonbbb", "text": "saag", "pub_date": "2023-08-30T14:38:40.741Z", "contact": "5795411552", "exhibit": 15, "rating": 2}}, {"model": "excursion.reflectionexhibit", "pk": 25, "fields": {"author": "bonbonbbb", "text": "testsg", "pub_date": "2023-08-30T14:46:41.813Z", "contact": "5795411552", "exhibit": 10, "rating": 7}}, {"model": "excursion.reflectionexhibit", "pk": 26, "fields": {"author": "bonbonbbb", "text": "fdsf", "pub_date": "2023-08-30T14:46:53.456Z", "contact": "5795411552", "exhibit": 11, "rating": 8}}, {"model": "excursion.reflectionexhibit", "pk": 27, "fields": {"author": "bonbonbbb", "text": "fsdfsd", "pub_date": "2023-08-30T14:47:04.141Z", "contact": "5795411552", "exhibit": 12, "rating": 7}}, {"model": "excursion.reflectionexhibit", "pk": 28, "fields": {"author": "bonbonbbb", "text": "fdsv", "pub_date": "2023-08-30T14:47:13.451Z", "contact": "5795411552", "exhibit": 13, "rating": 7}}, {"model": "excursion.reflectionexhibit", "pk": 29, "fields": {"author": "bonbonbbb", "text": "v cxsd", "pub_date": "2023-08-30T14:47:22.540Z", "contact": "5795411552", "exhibit": 14, "rating": 9}}, {"model": "excursion.reflectionexhibit", "pk": 30, "fields": {"author": "bonbonbbb", "text": "vcgh", "pub_date": "2023-08-30T14:47:33.222Z", "contact": "5795411552", "exhibit": 15, "rating": 6}}, {"model": "excursion.reflectionexhibit", "pk": 31, "fields": {"author": "bonbonbbb", "text": "gdf", "pub_date": "2023-08-30T14:51:04.943Z", "contact": "5795411552", "exhibit": 10, "rating": 3}}, {"model": "excursion.reflectionexhibit", "pk": 32, "fields": {"author": "bonbonbbb", "text": "bdf", "pub_date": "2023-08-30T14:51:16.621Z", "contact": "5795411552", "exhibit": 11, "rating": 8}}, {"model": "excursion.reflectionexhibit", "pk": 33, "fields": {"author": "bonbonbbb", "text": "bdfb", "pub_date": "2023-08-30T14:51:23.911Z", "contact": "5795411552", "exhibit": 12, "rating": 7}}, {"model": "excursion.reflectionexhibit", "pk": 34, "fields": {"author": "bonbonbbb", "text": "fdbc", "pub_date": "2023-08-30T14:51:35.350Z", "contact": "5795411552", "exhibit": 13, "rating": 6}}, {"model": "excursion.reflectionexhibit", "pk": 35, "fields": {"author": "bonbonbbb", "text": "jgfg", "pub_date": "2023-08-30T14:51:44.004Z", "contact": "5795411552", "exhibit": 14, "rating": 5}}, {"model": "excursion.reflectionexhibit", "pk": 36, "fields": {"author": "bonbonbbb", "text": "vdsss", "pub_date": "2023-08-30T14:51:53.878Z", "contact": "5795411552", "exhibit": 15, "rating": 7}}, {"model": "excursion.reflectionexhibit", "pk": 37, "fields": {"author": "bonbonbbb", "text": "gfdsg", "pub_date": "2023-08-30T16:05:40.708Z", "contact": "5795411552", "exhibit": 2, "rating": 7}}, {"model": "excursion.reflectionexhibit", "pk": 38, "fields": {"author": "bonbonbbb", "text": "gdsg", "pub_date": "2023-08-30T16:05:54.127Z", "contact": "5795411552", "exhibit": 3, "rating": 7}}, {"model": "excursion.reflectionexhibit", "pk": 39, "fields": {"author": "bonbonbbb", "text": "gsdv", "pub_date": "2023-08-30T16:06:09.811Z", "contact": "5795411552", "exhibit": 4, "rating": 9}}, {"model": "excursion.reflectionexhibit", "pk": 40, "fields": {"author": "bonbonbbb", "text": "gdsgs", "pub_date": "2023-08-30T16:06:26.932Z", "contact": "5795411552", "exhibit": 5, "rating": 4}}, {"model": "excursion.reflectionexhibit", "pk": 41, "fields": {"author": "bonbonbbb", "text": "vxcx", "pub_date": "2023-08-30T16:06:39.505Z", "contact": "5795411552", "exhibit": 6, "rating": 9}}, {"model": "excursion.reflectionexhibit", "pk": 42, "fields": {"author": "bonbonbbb", "text": "xddfgdsf", "pub_date": "2023-08-30T16:06:51.398Z", "contact": "5795411552", "exhibit": 7, "rating": 5}}, {"model": "excursion.reflectionexhibit", "pk": 43, "fields": {"author": "bonbonbbb", "text": "cxxs", "pub_date": "2023-08-30T16:07:01.831Z", "contact": "5795411552", "exhibit": 8, "rating": 6}}, {"model": "excursion.reflectionexhibit", "pk": 44, "fields": {"author": "bonbonbbb", "text": "ewfsef", "pub_date": "2023-08-30T16:08:30.409Z", "contact": "5795411552", "exhibit": 2, "rating": 7}}, {"model": "excursion.reflectionexhibit", "pk": 45, "fields": {"author": "bonbonbbb", "text": "fsdcvdsv", "pub_date": "2023-08-30T16:08:43.962Z", "contact": "5795411552", "exhibit": 3, "rating": 8}}, {"model": "excursion.reflectionexhibit", "pk": 46, "fields": {"author": "bonbonbbb", "text": "cxvssd", "pub_date": "2023-08-30T16:08:55.967Z", "contact": "5795411552", "exhibit": 4, "rating": 9}}, {"model": "excursion.reflectionexhibit", "pk": 47, "fields": {"author": "bonbonbbb", "text": "xcv", "pub_date": "2023-08-30T16:09:06.551Z", "contact": "5795411552", "exhibit": 5, "rating": 7}}, {"model": "excursion.reflectionexhibit", "pk": 48, "fields": {"author": "bonbonbbb", "text": "eww", "pub_date": "2023-08-30T16:09:15.378Z", "contact": "5795411552", "exhibit": 6, "rating": 6}}, {"model": "excursion.reflectionexhibit", "pk": 49, "fields": {"author": "bonbonbbb", "text": "cxv", "pub_date": "2023-08-30T16:09:27.370Z", "contact": "5795411552", "exhibit": 7, "rating": 8}}, {"model": "excursion.reflectionexhibit", "pk": 50, "fields": {"author": "bonbonbbb", "text": "vxbxv", "pub_date": "2023-08-30T16:09:41.011Z", "contact": "5795411552", "exhibit": 8, "rating": 8}}, {"model": "excursion.reflectionexhibit", "pk": 51, "fields": {"author": "bonbonbbb", "text": "jfyjfgh", "pub_date": "2023-08-30T16:11:04.211Z", "contact": "5795411552", "exhibit": 9, "rating": 7}}, {"model": "excursion.reflectionexhibit", "pk": 53, "fields": {"author": "bonbonbbb", "text": "hdf", "pub_date": "2023-08-30T16:11:40.949Z", "contact": "5795411552", "exhibit": 17, "rating": 9}}, {"model": "excursion.reflectionexhibit", "pk": 54, "fields": {"author": "bonbonbbb", "text": "hdf", "pub_date": "2023-08-30T16:11:49.222Z", "contact": "5795411552", "exhibit": 18, "rating": 8}}, {"model": "excursion.reflectionexhibit", "pk": 55, "fields": {"author": "bonbonbbb", "text": "bdg", "pub_date": "2023-08-30T16:12:00.390Z", "contact": "5795411552", "exhibit": 19, "rating": 7}}, {"model": "excursion.reflectionexhibit", "pk": 56, "fields": {"author": "bonbonbbb", "text": "sdfvs", "pub_date": "2023-08-30T16:12:08.386Z", "contact": "5795411552", "exhibit": 20, "rating": 4}}, {"model": "excursion.reflectionexhibit", "pk": 57, "fields": {"author": "bonbonbbb", "text": "fsgs", "pub_date": "2023-08-30T16:12:21.112Z", "contact": "5795411552", "exhibit": 21, "rating": 6}}, {"model": "excursion.reflectionexhibit", "pk": 58, "fields": {"author": "bonbonbbb", "text": "sdvsd", "pub_date": "2023-08-30T16:12:32.659Z", "contact": "5795411552", "exhibit": 22, "rating": 9}}, {"model": "excursion.reflectionexhibit", "pk": 59, "fields": {"author": "bonbonbbb", "text": "gsevxsd", "pub_date": "2023-08-30T16:12:45.644Z", "contact": "5795411552", "exhibit": 23, "rating": 7}}, {"model": "excursion.reflectionexhibit", "pk": 60, "fields": {"author": "bonbonbbb", "text": "aeaaf", "pub_date": "2023-08-30T16:12:57.923Z", "contact": "5795411552", "exhibit": 24, "rating": 8}}, {"model": "excursion.reflectionexhibit", "pk": 61, "fields": {"author": "bonbonbbb", "text": "faaa", "pub_date": "2023-08-30T16:13:09.436Z", "contact": "5795411552", "exhibit": 25, "rating": 5}}, {"model": "excursion.reflectionexhibit", "pk": 62, "fields": {"author": "bonbonbbb", "text": "dsfdsf", "pub_date": "2023-08-30T16:20:20.404Z", "contact": "5795411552", "exhibit": 10, "rating": 7}}, {"model": "excursion.reflectionexhibit", "pk": 63, "fields": {"author": "bonbonbbb", "text": "fsdf", "pub_date": "2023-08-30T16:20:32.231Z", "contact": "5795411552", "exhibit": 11, "rating": 6}}, {"model": "excursion.reflectionexhibit", "pk": 64, "fields": {"author": "bonbonbbb", "text": "fdsf", "pub_date": "2023-08-30T16:20:40.373Z", "contact": "5795411552", "exhibit": 12, "rating": 7}}, {"model": "excursion.reflectionexhibit", "pk": 65, "fields": {"author": "bonbonbbb", "text": "fdsf", "pub_date": "2023-08-30T16:20:51.578Z", "contact": "5795411552", "exhibit": 13, "rating": 8}}, {"model": "excursion.reflectionexhibit", "pk": 66, "fields": {"author": "bonbonbbb", "text": "fds", "pub_date": "2023-08-30T16:21:00.214Z", "contact": "5795411552", "exhibit": 14, "rating": 9}}, {"model": "excursion.reflectionexhibit", "pk": 67, "fields": {"author": "bonbonbbb", "text": "vs", "pub_date": "2023-08-30T16:21:10.653Z", "contact": "5795411552", "exhibit": 15, "rating": 2}}, {"model": "excursion.reflectionexhibit", "pk": 69, "fields": {"author": "tepeshvlad", "text": "drt", "pub_date": "2023-08-31T07:31:53.296Z", "contact": "350114238", "exhibit": 17, "rating": 8}}, {"model": "excursion.reflectionexhibit", "pk": 70, "fields": {"author": "tepeshvlad", "text": "tre", "pub_date": "2023-08-31T07:32:10.769Z", "contact": "350114238", "exhibit": 18, "rating": 4}}, {"model": "excursion.reflectionexhibit", "pk": 71, "fields": {"author": "tepeshvlad", "text": "dhg", "pub_date": "2023-08-31T07:32:20.178Z", "contact": "350114238", "exhibit": 19, "rating": 3}}, {"model": "excursion.reflectionexhibit", "pk": 72, "fields": {"author": "tepeshvlad", "text": "cvb", "pub_date": "2023-08-31T07:33:07.141Z", "contact": "350114238", "exhibit": 20, "rating": 4}}, {"model": "excursion.reflectionexhibit", "pk": 73, "fields": {"author": "tepeshvlad", "text": "sxfg", "pub_date": "2023-08-31T07:47:57.494Z", "contact": "350114238", "exhibit": 17, "rating": 9}}, {"model": "excursion.reflectionexhibit", "pk": 74, "fields": {"author": "tepeshvlad", "text": "\u0412\u043f\u0435\u0440\u0435\u0434", "pub_date": "2023-08-31T08:00:25.970Z", "contact": "350114238", "exhibit": 24, "rating": 9}}, {"model": "excursion.reflectionexhibit", "pk": 77, "fields": {"author": "tepeshvlad", "text": "\u0435\u0430\u043d", "pub_date": "2023-08-31T08:27:43.576Z", "contact": "350114238", "exhibit": 17, "rating": 1}}, {"model": "excursion.reflectionexhibit", "pk": 79, "fields": {"author": "tepeshvlad", "text": "dfg", "pub_date": "2023-08-31T09:50:23.416Z", "contact": "350114238", "exhibit": 2, "rating": 9}}, {"model": "excursion.reflectionexhibit", "pk": 80, "fields": {"author": "tepeshvlad", "text": "gdf", "pub_date": "2023-08-31T09:50:36.329Z", "contact": "350114238", "exhibit": 3, "rating": 9}}, {"model": "excursion.reflectionexhibit", "pk": 81, "fields": {"author": "tepeshvlad", "text": "sdfvsf", "pub_date": "2023-08-31T10:07:14.368Z", "contact": "350114238", "exhibit": 22, "rating": 9}}, {"model": "excursion.reflectionexhibit", "pk": 82, "fields": {"author": "tepeshvlad", "text": "sdf", "pub_date": "2023-08-31T10:07:26.023Z", "contact": "350114238", "exhibit": 23, "rating": 9}}, {"model": "excursion.reflectionexhibit", "pk": 83, "fields": {"author": "tepeshvlad", "text": "sdf", "pub_date": "2023-08-31T10:07:35.455Z", "contact": "350114238", "exhibit": 24, "rating": 9}}, {"model": "excursion.reflectionexhibit", "pk": 84, "fields": {"author": "tepeshvlad", "text": "dsf", "pub_date": "2023-08-31T10:07:44.942Z", "contact": "350114238", "exhibit": 25, "rating": 9}}, {"model": "excursion.reflectionexhibit", "pk": 85, "fields": {"author": "tepeshvlad", "text": "\u043f\u0430\u0440\u0441", "pub_date": "2023-08-31T10:10:05.308Z", "contact": "350114238", "exhibit": 24, "rating": 9}}, {"model": "excursion.reflectionexhibit", "pk": 86, "fields": {"author": "tepeshvlad", "text": "\u0432\u0430\u043f\u0440\u043e", "pub_date": "2023-08-31T10:10:16.923Z", "contact": "350114238", "exhibit": 25, "rating": 9}}, {"model": "excursion.reflectionexhibit", "pk": 87, "fields": {"author": "tepeshvlad", "text": "\u0444\u044b\u0432", "pub_date": "2023-08-31T10:12:33.354Z", "contact": "350114238", "exhibit": 25, "rating": 9}}, {"model": "excursion.reflectionexhibit", "pk": 88, "fields": {"author": "tepeshvlad", "text": "\u0432\u0430\u043f", "pub_date": "2023-08-31T10:19:46.522Z", "contact": "350114238", "exhibit": 25, "rating": 9}}, {"model": "excursion.reflectionexhibit", "pk": 89, "fields": {"author": "tepeshvlad", "text": "\u0432\u0444\u044b", "pub_date": "2023-08-31T10:22:32.200Z", "contact": "350114238", "exhibit": 25, "rating": 9}}, {"model": "excursion.reflectionexhibit", "pk": 90, "fields": {"author": "tepeshvlad", "text": "\u044b\u0432\u0430", "pub_date": "2023-08-31T10:26:36.385Z", "contact": "350114238", "exhibit": 9, "rating": 9}}, {"model": "excursion.reflectionexhibit", "pk": 92, "fields": {"author": "tepeshvlad", "text": "sadasdasdasdsa", "pub_date": "2023-08-31T10:49:46.869Z", "contact": "350114238", "exhibit": 17, "rating": 9}}, {"model": "excursion.reflectionexhibit", "pk": 93, "fields": {"author": "tepeshvlad", "text": "\u0434\u0430 \u0437\u0430\u043c\u0435\u0447\u0430\u043b", "pub_date": "2023-08-31T16:30:21.561Z", "contact": "350114238", "exhibit": 2, "rating": 1}}, {"model": "excursion.reflectionexhibit", "pk": 94, "fields": {"author": "bonbonbbb", "text": "\u0432\u0432\u0432", "pub_date": "2023-08-31T19:17:48.798Z", "contact": "5795411552", "exhibit": 10, "rating": 7}}, {"model": "excursion.reflectionexhibit", "pk": 95, "fields": {"author": "bonbonbbb", "text": "\u0430\u0432\u044b\u0430", "pub_date": "2023-08-31T20:03:02.306Z", "contact": "5795411552", "exhibit": 3, "rating": 7}}, {"model": "excursion.reflectionexhibit", "pk": 96, "fields": {"author": "bonbonbbb", "text": "\u0432\u044b\u0430\u0432\u044b", "pub_date": "2023-08-31T20:03:40.757Z", "contact": "5795411552", "exhibit": 4, "rating": 6}}, {"model": "excursion.reflectionexhibit", "pk": 97, "fields": {"author": "bonbonbbb", "text": "\u0430\u044b\u0432\u0430", "pub_date": "2023-08-31T20:04:09.889Z", "contact": "5795411552", "exhibit": 5, "rating": 7}}, {"model": "excursion.reflectionexhibit", "pk": 98, "fields": {"author": "bonbonbbb", "text": "\u0430\u044b\u0432", "pub_date": "2023-08-31T20:04:40.809Z", "contact": "5795411552", "exhibit": 6, "rating": 7}}, {"model": "excursion.reflectionexhibit", "pk": 99, "fields": {"author": "bonbonbbb", "text": "\u0430\u044b\u0432\u0430", "pub_date": "2023-08-31T20:05:06.665Z", "contact": "5795411552", "exhibit": 7, "rating": 2}}, {"model": "excursion.reflectionexhibit", "pk": 100, "fields": {"author": "bonbonbbb", "text": "\u0430\u0432\u044b\u0430\u044b\u0432", "pub_date": "2023-08-31T20:05:27.238Z", "contact": "5795411552", "exhibit": 8, "rating": 7}}, {"model": "excursion.reflectionexhibit", "pk": 101, "fields": {"author": "bonbonbbb", "text": "\u0430\u0432\u044b", "pub_date": "2023-08-31T20:05:52.108Z", "contact": "5795411552", "exhibit": 9, "rating": 6}}, {"model": "excursion.reflectionexhibit", "pk": 102, "fields": {"author": "bonbonbbb", "text": "dsfds", "pub_date": "2023-08-31T20:13:11.263Z", "contact": "5795411552", "exhibit": 10, "rating": 7}}, {"model": "excursion.reflectionexhibit", "pk": 103, "fields": {"author": "bonbonbbb", "text": "dsfds", "pub_date": "2023-08-31T20:13:43.853Z", "contact": "5795411552", "exhibit": 11, "rating": 7}}, {"model": "excursion.reflectionexhibit", "pk": 104, "fields": {"author": "bonbonbbb", "text": "dsfds", "pub_date": "2023-08-31T20:14:03.550Z", "contact": "5795411552", "exhibit": 12, "rating": 6}}, {"model": "excursion.reflectionexhibit", "pk": 105, "fields": {"author": "bonbonbbb", "text": "cdscds", "pub_date": "2023-08-31T20:14:25.194Z", "contact": "5795411552", "exhibit": 13, "rating": 6}}, {"model": "excursion.reflectionexhibit", "pk": 106, "fields": {"author": "bonbonbbb", "text": "csdcds", "pub_date": "2023-08-31T20:14:47.296Z", "contact": "5795411552", "exhibit": 14, "rating": 6}}, {"model": "excursion.reflectionexhibit", "pk": 107, "fields": {"author": "bonbonbbb", "text": "csd", "pub_date": "2023-08-31T20:15:18.872Z", "contact": "5795411552", "exhibit": 15, "rating": 7}}, {"model": "excursion.reflectionexhibit", "pk": 108, "fields": {"author": "bonbonbbb", "text": "csdcsd", "pub_date": "2023-08-31T20:16:28.388Z", "contact": "5795411552", "exhibit": 27, "rating": 7}}, {"model": "excursion.reflectionexhibit", "pk": 109, "fields": {"author": "bonbonbbb", "text": "csdcds", "pub_date": "2023-08-31T20:16:50.754Z", "contact": "5795411552", "exhibit": 17, "rating": 6}}, {"model": "excursion.reflectionexhibit", "pk": 110, "fields": {"author": "bonbonbbb", "text": "csdcds", "pub_date": "2023-08-31T20:17:35.454Z", "contact": "5795411552", "exhibit": 18, "rating": 7}}, {"model": "excursion.reflectionexhibit", "pk": 111, "fields": {"author": "bonbonbbb", "text": "cdscsd", "pub_date": "2023-08-31T20:18:05.185Z", "contact": "5795411552", "exhibit": 19, "rating": 7}}, {"model": "excursion.reflectionexhibit", "pk": 112, "fields": {"author": "bonbonbbb", "text": "csds", "pub_date": "2023-08-31T20:18:29.334Z", "contact": "5795411552", "exhibit": 20, "rating": 7}}, {"model": "excursion.reflectionexhibit", "pk": 113, "fields": {"author": "bonbonbbb", "text": "csds", "pub_date": "2023-08-31T20:18:58.627Z", "contact": "5795411552", "exhibit": 21, "rating": 7}}, {"model": "excursion.reflectionexhibit", "pk": 114, "fields": {"author": "bonbonbbb", "text": "aaa", "pub_date": "2023-08-31T20:19:24.965Z", "contact": "5795411552", "exhibit": 22, "rating": 7}}, {"model": "excursion.reflectionexhibit", "pk": 115, "fields": {"author": "bonbonbbb", "text": "\u043e\u0434\u0440\u0434", "pub_date": "2023-08-31T20:32:18.663Z", "contact": "5795411552", "exhibit": 27, "rating": 7}}, {"model": "excursion.reflectionexhibit", "pk": 116, "fields": {"author": "bonbonbbb", "text": "\u0440\u043e\u043f\u043b", "pub_date": "2023-08-31T20:32:39.861Z", "contact": "5795411552", "exhibit": 17, "rating": 7}}, {"model": "excursion.reflectionexhibit", "pk": 117, "fields": {"author": "bonbonbbb", "text": "\u0446\u0444\u044b\u0430\u0444\u044b", "pub_date": "2023-08-31T20:35:20.246Z", "contact": "5795411552", "exhibit": 18, "rating": 7}}, {"model": "excursion.reflectionexhibit", "pk": 118, "fields": {"author": "bonbonbbb", "text": "\u043e\u0440", "pub_date": "2023-08-31T20:36:00.245Z", "contact": "5795411552", "exhibit": 19, "rating": 7}}, {"model": "excursion.reflectionexhibit", "pk": 119, "fields": {"author": "bonbonbbb", "text": "\u043b\u0440\u043f\u043b", "pub_date": "2023-08-31T20:37:43.667Z", "contact": "5795411552", "exhibit": 20, "rating": 7}}, {"model": "excursion.reflectionexhibit", "pk": 120, "fields": {"author": "bonbonbbb", "text": "\u0434\u043e\u0440\u043e\u0434", "pub_date": "2023-08-31T20:38:14.723Z", "contact": "5795411552", "exhibit": 21, "rating": 7}}, {"model": "excursion.reflectionexhibit", "pk": 121, "fields": {"author": "bonbonbbb", "text": "\u043e\u043b\u0440\u043e\u043b", "pub_date": "2023-08-31T20:38:48.922Z", "contact": "5795411552", "exhibit": 22, "rating": 7}}, {"model": "excursion.reflectionexhibit", "pk": 122, "fields": {"author": "bonbonbbb", "text": "\u0432\u044b\u0430\u0432\u044b", "pub_date": "2023-08-31T20:41:21.045Z", "contact": "5795411552", "exhibit": 27, "rating": 1}}, {"model": "excursion.reflectionexhibit", "pk": 123, "fields": {"author": "bonbonbbb", "text": "\u0447\u0441\u0438\u0447\u0441", "pub_date": "2023-08-31T20:43:49.310Z", "contact": "5795411552", "exhibit": 27, "rating": 7}}, {"model": "excursion.reflectionexhibit", "pk": 124, "fields": {"author": "bonbonbbb", "text": "\u044f\u0441\u044f", "pub_date": "2023-08-31T20:44:19.640Z", "contact": "5795411552", "exhibit": 17, "rating": 7}}, {"model": "excursion.reflectionexhibit", "pk": 125, "fields": {"author": "bonbonbbb", "text": "\u0432\u044f\u043c\u044f\u0447", "pub_date": "2023-08-31T20:44:48.392Z", "contact": "5795411552", "exhibit": 18, "rating": 7}}, {"model": "excursion.reflectionexhibit", "pk": 126, "fields": {"author": "bonbonbbb", "text": "\u0447\u0438\u043c\u0447\u0441", "pub_date": "2023-08-31T20:45:15.635Z", "contact": "5795411552", "exhibit": 19, "rating": 7}}, {"model": "excursion.reflectionexhibit", "pk": 127, "fields": {"author": "bonbonbbb", "text": "\u0432\u044b\u043c\u0432\u044b", "pub_date": "2023-08-31T20:45:39.792Z", "contact": "5795411552", "exhibit": 20, "rating": 7}}, {"model": "excursion.reflectionexhibit", "pk": 128, "fields": {"author": "bonbonbbb", "text": "\u044b\u044b\u0430\u044b\u0432", "pub_date": "2023-08-31T20:46:09.205Z", "contact": "5795411552", "exhibit": 21, "rating": 7}}, {"model": "excursion.reflectionexhibit", "pk": 129, "fields": {"author": "bonbonbbb", "text": "\u0432\u0444\u0430", "pub_date": "2023-08-31T20:46:35.222Z", "contact": "5795411552", "exhibit": 22, "rating": 7}}, {"model": "excursion.reflectionexhibit", "pk": 130, "fields": {"author": "bonbonbbb", "text": "\u0432\u044b\u0430\u0432\u044b", "pub_date": "2023-08-31T20:47:08.182Z", "contact": "5795411552", "exhibit": 23, "rating": 7}}, {"model": "excursion.reflectionexhibit", "pk": 131, "fields": {"author": "bonbonbbb", "text": "\u0430\u044b\u044b", "pub_date": "2023-08-31T20:47:30.600Z", "contact": "5795411552", "exhibit": 24, "rating": 7}}, {"model": "excursion.reflectionexhibit", "pk": 132, "fields": {"author": "bonbonbbb", "text": "\u0440\u0432\u043f\u0430\u0440\u0432\u0430", "pub_date": "2023-08-31T20:48:04.408Z", "contact": "5795411552", "exhibit": 25, "rating": 6}}, {"model": "excursion.reflectionexhibit", "pk": 133, "fields": {"author": "bonbonbbb", "text": "\u0441\u0432\u044b\u0441\u0432\u044b", "pub_date": "2023-08-31T20:50:33.760Z", "contact": "5795411552", "exhibit": 2, "rating": 6}}, {"model": "excursion.reflectionexhibit", "pk": 134, "fields": {"author": "bonbonbbb", "text": "\u044b\u0432\u0430\u0432\u044b\u0430", "pub_date": "2023-08-31T20:54:29.784Z", "contact": "5795411552", "exhibit": 2, "rating": 6}}, {"model": "excursion.reflectionexhibit", "pk": 135, "fields": {"author": "bonbonbbb", "text": "\u0430\u044b\u0432\u043f\u044b\u0432", "pub_date": "2023-08-31T20:55:03.488Z", "contact": "5795411552", "exhibit": 3, "rating": 7}}, {"model": "excursion.reflectionexhibit", "pk": 136, "fields": {"author": "bonbonbbb", "text": "\u0430\u0432\u044b\u0430\u044b", "pub_date": "2023-08-31T20:55:33.550Z", "contact": "5795411552", "exhibit": 4, "rating": 7}}, {"model": "excursion.reflectionexhibit", "pk": 137, "fields": {"author": "bonbonbbb", "text": "\u0432\u044b\u0430\u044b\u0432\u0430", "pub_date": "2023-08-31T20:55:58.980Z", "contact": "5795411552", "exhibit": 5, "rating": 2}}, {"model": "excursion.reflectionexhibit", "pk": 138, "fields": {"author": "bonbonbbb", "text": "\u043c\u0430\u044b\u044b", "pub_date": "2023-08-31T20:56:24.174Z", "contact": "5795411552", "exhibit": 6, "rating": 7}}, {"model": "excursion.reflectionexhibit", "pk": 139, "fields": {"author": "bonbonbbb", "text": "\u0430\u044b\u0430\u044b\u044b", "pub_date": "2023-08-31T20:56:51.402Z", "contact": "5795411552", "exhibit": 7, "rating": 2}}, {"model": "excursion.reflectionexhibit", "pk": 140, "fields": {"author": "bonbonbbb", "text": "\u0438\u0438\u0441\u0438\u043c\u0441", "pub_date": "2023-08-31T20:57:09.121Z", "contact": "5795411552", "exhibit": 8, "rating": 9}}, {"model": "excursion.reflectionexhibit", "pk": 141, "fields": {"author": "bonbonbbb", "text": "\u0430\u0432\u044b\u0430\u0432\u044b", "pub_date": "2023-08-31T20:57:29.557Z", "contact": "5795411552", "exhibit": 9, "rating": 10}}, {"model": "contenttypes.contenttype", "pk": 1, "fields": {"app_label": "excursion", "model": "exhibit"}}, {"model": "contenttypes.contenttype", "pk": 2, "fields": {"app_label": "excursion", "model": "route"}}, {"model": "contenttypes.contenttype", "pk": 3, "fields": {"app_label": "excursion", "model": "videoexhibit"}}, {"model": "contenttypes.contenttype", "pk": 4, "fields": {"app_label": "excursion", "model": "reflectionexhibit"}}, {"model": "contenttypes.contenttype", "pk": 5, "fields": {"app_label": "excursion", "model": "photoexhibit"}}, {"model": "contenttypes.contenttype", "pk": 6, "fields": {"app_label": "excursion", "model": "journey"}}, {"model": "contenttypes.contenttype", "pk": 7, "fields": {"app_label": "excursion", "model": "descriptionexhibit"}}, {"model": "contenttypes.contenttype", "pk": 8, "fields": {"app_label": "excursion", "model": "audioexhibit"}}, {"model": "contenttypes.contenttype", "pk": 9, "fields": {"app_label": "admin", "model": "logentry"}}, {"model": "contenttypes.contenttype", "pk": 10, "fields": {"app_label": "auth", "model": "permission"}}, {"model": "contenttypes.contenttype", "pk": 11, "fields": {"app_label": "auth", "model": "group"}}, {"model": "contenttypes.contenttype", "pk": 12, "fields": {"app_label": "auth", "model": "user"}}, {"model": "contenttypes.contenttype", "pk": 13, "fields": {"app_label": "contenttypes", "model": "contenttype"}}, {"model": "contenttypes.contenttype", "pk": 14, "fields": {"app_label": "sessions", "model": "session"}}, {"model": "contenttypes.contenttype", "pk": 15, "fields": {"app_label": "google_api", "model": "userfeedback"}}, {"model": "contenttypes.contenttype", "pk": 16, "fields": {"app_label": "google_api", "model": "routereview"}}, {"model": "contenttypes.contenttype", "pk": 17, "fields": {"app_label": "google_api", "model": "exhibitcomment"}}, {"model": "sessions.session", "pk": "7m2nqhccw6aqmp4tj055jtfeealrjc0a", "fields": {"session_data": "OTc3NDE1MGY2NGNkMzNlYzI2NmFjNzJjYTc1NzQyN2RlNGE1YTU2ZDp7Il9hdXRoX3VzZXJfaWQiOiIxIiwiX2F1dGhfdXNlcl9iYWNrZW5kIjoiZGphbmdvLmNvbnRyaWIuYXV0aC5iYWNrZW5kcy5Nb2RlbEJhY2tlbmQiLCJfYXV0aF91c2VyX2hhc2giOiI1NTQyOGRlYWU3NTQyYTM5NTFmOTUzYWY2MDJhOGNjMDRjNDVmYTViIn0=", "expire_date": "2023-09-14T19:20:53.270Z"}}, {"model": "sessions.session", "pk": "orscnrb9cyudanhgaoqu0eddiygbgw8s", "fields": {"session_data": "OTc3NDE1MGY2NGNkMzNlYzI2NmFjNzJjYTc1NzQyN2RlNGE1YTU2ZDp7Il9hdXRoX3VzZXJfaWQiOiIxIiwiX2F1dGhfdXNlcl9iYWNrZW5kIjoiZGphbmdvLmNvbnRyaWIuYXV0aC5iYWNrZW5kcy5Nb2RlbEJhY2tlbmQiLCJfYXV0aF91c2VyX2hhc2giOiI1NTQyOGRlYWU3NTQyYTM5NTFmOTUzYWY2MDJhOGNjMDRjNDVmYTViIn0=", "expire_date": "2023-09-13T09:47:34.301Z"}}, {"model": "sessions.session", "pk": "p2ki5sml2ty6hs3xabhakilmvzryzssq", "fields": {"session_data": "OTc3NDE1MGY2NGNkMzNlYzI2NmFjNzJjYTc1NzQyN2RlNGE1YTU2ZDp7Il9hdXRoX3VzZXJfaWQiOiIxIiwiX2F1dGhfdXNlcl9iYWNrZW5kIjoiZGphbmdvLmNvbnRyaWIuYXV0aC5iYWNrZW5kcy5Nb2RlbEJhY2tlbmQiLCJfYXV0aF91c2VyX2hhc2giOiI1NTQyOGRlYWU3NTQyYTM5NTFmOTUzYWY2MDJhOGNjMDRjNDVmYTViIn0=", "expire_date": "2023-09-14T15:39:24.757Z"}}, {"model": "google_api.userfeedback", "pk": 47, "fields": {"telegram_id": "5795411552", "start_time_route": "2023-08-31T20:00:04.975Z", "end_time_route": "2023-08-31T20:06:20.792Z", "route": 2}}, {"model": "google_api.userfeedback", "pk": 48, "fields": {"telegram_id": "5795411552", "start_time_route": "2023-08-31T20:12:41.522Z", "end_time_route": "2023-08-31T20:15:39.330Z", "route": 3}}, {"model": "google_api.userfeedback", "pk": 53, "fields": {"telegram_id": "5795411552", "start_time_route": "2023-08-31T20:43:13.251Z", "end_time_route": "2023-08-31T20:48:21.168Z", "route": 4}}, {"model": "google_api.userfeedback", "pk": 55, "fields": {"telegram_id": "5795411552", "start_time_route": "2023-08-31T20:52:57.592Z", "end_time_route": "2023-08-31T20:57:52.584Z", "route": 2}}, {"model": "google_api.exhibitcomment", "pk": 95, "fields": {"text": "\u0430\u0432\u044b\u0430", "timestamp": "2023-08-31T20:03:02.311Z", "user_feedback": 47, "route": 2, "exhibit": 3, "rating_exhibit": 7}}, {"model": "google_api.exhibitcomment", "pk": 96, "fields": {"text": "\u0432\u044b\u0430\u0432\u044b", "timestamp": "2023-08-31T20:03:40.760Z", "user_feedback": 47, "route": 2, "exhibit": 4, "rating_exhibit": 6}}, {"model": "google_api.exhibitcomment", "pk": 97, "fields": {"text": "\u0430\u044b\u0432\u0430", "timestamp": "2023-08-31T20:04:09.893Z", "user_feedback": 47, "route": 2, "exhibit": 5, "rating_exhibit": 7}}, {"model": "google_api.exhibitcomment", "pk": 98, "fields": {"text": "\u0430\u044b\u0432", "timestamp": "2023-08-31T20:04:40.812Z", "user_feedback": 47, "route": 2, "exhibit": 6, "rating_exhibit": 7}}, {"model": "google_api.exhibitcomment", "pk": 99, "fields": {"text": "\u0430\u044b\u0432\u0430", "timestamp": "2023-08-31T20:05:06.666Z", "user_feedback": 47, "route": 2, "exhibit": 7, "rating_exhibit": 2}}, {"model": "google_api.exhibitcomment", "pk": 100, "fields": {"text": "\u0430\u0432\u044b\u0430\u044b\u0432", "timestamp": "2023-08-31T20:05:27.242Z", "user_feedback": 47, "route": 2, "exhibit": 8, "rating_exhibit": 7}}, {"model": "google_api.exhibitcomment", "pk": 101, "fields": {"text": "\u0430\u0432\u044b", "timestamp": "2023-08-31T20:05:52.112Z", "user_feedback": 47, "route": 2, "exhibit": 9, "rating_exhibit": 6}}, {"model": "google_api.exhibitcomment", "pk": 102, "fields": {"text": "dsfds", "timestamp": "2023-08-31T20:13:11.267Z", "user_feedback": 48, "route": 3, "exhibit": 10, "rating_exhibit": 7}}, {"model": "google_api.exhibitcomment", "pk": 103, "fields": {"text": "dsfds", "timestamp": "2023-08-31T20:13:43.858Z", "user_feedback": 48, "route": 3, "exhibit": 11, "rating_exhibit": 7}}, {"model": "google_api.exhibitcomment", "pk": 104, "fields": {"text": "dsfds", "timestamp": "2023-08-31T20:14:03.554Z", "user_feedback": 48, "route": 3, "exhibit": 12, "rating_exhibit": 6}}, {"model": "google_api.exhibitcomment", "pk": 105, "fields": {"text": "cdscds", "timestamp": "2023-08-31T20:14:25.198Z", "user_feedback": 48, "route": 3, "exhibit": 13, "rating_exhibit": 6}}, {"model": "google_api.exhibitcomment", "pk": 106, "fields": {"text": "csdcds", "timestamp": "2023-08-31T20:14:47.301Z", "user_feedback": 48, "route": 3, "exhibit": 14, "rating_exhibit": 6}}, {"model": "google_api.exhibitcomment", "pk": 107, "fields": {"text": "csd", "timestamp": "2023-08-31T20:15:18.877Z", "user_feedback": 48, "route": 3, "exhibit": 15, "rating_exhibit": 7}}, {"model": "google_api.exhibitcomment", "pk": 123, "fields": {"text": "\u0447\u0441\u0438\u0447\u0441", "timestamp": "2023-08-31T20:43:49.314Z", "user_feedback": 53, "route": 4, "exhibit": 27, "rating_exhibit": 7}}, {"model": "google_api.exhibitcomment", "pk": 124, "fields": {"text": "\u044f\u0441\u044f", "timestamp": "2023-08-31T20:44:19.644Z", "user_feedback": 53, "route": 4, "exhibit": 17, "rating_exhibit": 7}}, {"model": "google_api.exhibitcomment", "pk": 125, "fields": {"text": "\u0432\u044f\u043c\u044f\u0447", "timestamp": "2023-08-31T20:44:48.396Z", "user_feedback": 53, "route": 4, "exhibit": 18, "rating_exhibit": 7}}, {"model": "google_api.exhibitcomment", "pk": 126, "fields": {"text": "\u0447\u0438\u043c\u0447\u0441", "timestamp": "2023-08-31T20:45:15.640Z", "user_feedback": 53, "route": 4, "exhibit": 19, "rating_exhibit": 7}}, {"model": "google_api.exhibitcomment", "pk": 127, "fields": {"text": "\u0432\u044b\u043c\u0432\u044b", "timestamp": "2023-08-31T20:45:39.804Z", "user_feedback": 53, "route": 4, "exhibit": 20, "rating_exhibit": 7}}, {"model": "google_api.exhibitcomment", "pk": 128, "fields": {"text": "\u044b\u044b\u0430\u044b\u0432", "timestamp": "2023-08-31T20:46:09.208Z", "user_feedback": 53, "route": 4, "exhibit": 21, "rating_exhibit": 7}}, {"model": "google_api.exhibitcomment", "pk": 129, "fields": {"text": "\u0432\u0444\u0430", "timestamp": "2023-08-31T20:46:35.224Z", "user_feedback": 53, "route": 4, "exhibit": 22, "rating_exhibit": 7}}, {"model": "google_api.exhibitcomment", "pk": 130, "fields": {"text": "\u0432\u044b\u0430\u0432\u044b", "timestamp": "2023-08-31T20:47:08.186Z", "user_feedback": 53, "route": 4, "exhibit": 23, "rating_exhibit": 7}}, {"model": "google_api.exhibitcomment", "pk": 131, "fields": {"text": "\u0430\u044b\u044b", "timestamp": "2023-08-31T20:47:30.604Z", "user_feedback": 53, "route": 4, "exhibit": 24, "rating_exhibit": 7}}, {"model": "google_api.exhibitcomment", "pk": 132, "fields": {"text": "\u0440\u0432\u043f\u0430\u0440\u0432\u0430", "timestamp": "2023-08-31T20:48:04.410Z", "user_feedback": 53, "route": 4, "exhibit": 25, "rating_exhibit": 6}}, {"model": "google_api.exhibitcomment", "pk": 134, "fields": {"text": "\u044b\u0432\u0430\u0432\u044b\u0430", "timestamp": "2023-08-31T20:54:29.792Z", "user_feedback": 55, "route": 2, "exhibit": 2, "rating_exhibit": 6}}, {"model": "google_api.exhibitcomment", "pk": 135, "fields": {"text": "\u0430\u044b\u0432\u043f\u044b\u0432", "timestamp": "2023-08-31T20:55:03.494Z", "user_feedback": 55, "route": 2, "exhibit": 3, "rating_exhibit": 7}}, {"model": "google_api.exhibitcomment", "pk": 136, "fields": {"text": "\u0430\u0432\u044b\u0430\u044b", "timestamp": "2023-08-31T20:55:33.555Z", "user_feedback": 55, "route": 2, "exhibit": 4, "rating_exhibit": 7}}, {"model": "google_api.exhibitcomment", "pk": 137, "fields": {"text": "\u0432\u044b\u0430\u044b\u0432\u0430", "timestamp": "2023-08-31T20:55:58.985Z", "user_feedback": 55, "route": 2, "exhibit": 5, "rating_exhibit": 2}}, {"model": "google_api.exhibitcomment", "pk": 138, "fields": {"text": "\u043c\u0430\u044b\u044b", "timestamp": "2023-08-31T20:56:24.178Z", "user_feedback": 55, "route": 2, "exhibit": 6, "rating_exhibit": 7}}, {"model": "google_api.exhibitcomment", "pk": 139, "fields": {"text": "\u0430\u044b\u0430\u044b\u044b", "timestamp": "2023-08-31T20:56:51.405Z", "user_feedback": 55, "route": 2, "exhibit": 7, "rating_exhibit": 2}}, {"model": "google_api.exhibitcomment", "pk": 140, "fields": {"text": "\u0438\u0438\u0441\u0438\u043c\u0441", "timestamp": "2023-08-31T20:57:09.125Z", "user_feedback": 55, "route": 2, "exhibit": 8, "rating_exhibit": 9}}, {"model": "google_api.exhibitcomment", "pk": 141, "fields": {"text": "\u0430\u0432\u044b\u0430\u0432\u044b", "timestamp": "2023-08-31T20:57:29.562Z", "user_feedback": 55, "route": 2, "exhibit": 9, "rating_exhibit": 10}}, {"model": "google_api.routereview", "pk": 11, "fields": {"text": "\u0430\u0432\u044b\u0430\u044b", "timestamp": "2023-08-31T20:06:20.795Z", "user_feedback": 47, "route": 2, "rating_route": 6}}, {"model": "google_api.routereview", "pk": 12, "fields": {"text": "cdscds", "timestamp": "2023-08-31T20:15:39.332Z", "user_feedback": 48, "route": 3, "rating_route": 7}}, {"model": "google_api.routereview", "pk": 13, "fields": {"text": "\u0445\u043e\u0440\u043e\u0448\u043e", "timestamp": "2023-08-31T20:48:21.170Z", "user_feedback": 53, "route": 4, "rating_route": 7}}, {"model": "google_api.routereview", "pk": 14, "fields": {"text": "\u0438\u043a\u0438\u043a", "timestamp": "2023-08-31T20:57:52.587Z", "user_feedback": 55, "route": 2, "rating_route": 7}}, {"model": "auth.permission", "pk": 1, "fields": {"name": "Can add \u042d\u043a\u0441\u043f\u043e\u043d\u0430\u0442", "content_type": 1, "codename": "add_exhibit"}}, {"model": "auth.permission", "pk": 2, "fields": {"name": "Can change \u042d\u043a\u0441\u043f\u043e\u043d\u0430\u0442", "content_type": 1, "codename": "change_exhibit"}}, {"model": "auth.permission", "pk": 3, "fields": {"name": "Can delete \u042d\u043a\u0441\u043f\u043e\u043d\u0430\u0442", "content_type": 1, "codename": "delete_exhibit"}}, {"model": "auth.permission", "pk": 4, "fields": {"name": "Can view \u042d\u043a\u0441\u043f\u043e\u043d\u0430\u0442", "content_type": 1, "codename": "view_exhibit"}}, {"model": "auth.permission", "pk": 5, "fields": {"name": "Can add \u041c\u0430\u0440\u0448\u0440\u0443\u0442", "content_type": 2, "codename": "add_route"}}, {"model": "auth.permission", "pk": 6, "fields": {"name": "Can change \u041c\u0430\u0440\u0448\u0440\u0443\u0442", "content_type": 2, "codename": "change_route"}}, {"model": "auth.permission", "pk": 7, "fields": {"name": "Can delete \u041c\u0430\u0440\u0448\u0440\u0443\u0442", "content_type": 2, "codename": "delete_route"}}, {"model": "auth.permission", "pk": 8, "fields": {"name": "Can view \u041c\u0430\u0440\u0448\u0440\u0443\u0442", "content_type": 2, "codename": "view_route"}}, {"model": "auth.permission", "pk": 9, "fields": {"name": "Can add video exhibit", "content_type": 3, "codename": "add_videoexhibit"}}, {"model": "auth.permission", "pk": 10, "fields": {"name": "Can change video exhibit", "content_type": 3, "codename": "change_videoexhibit"}}, {"model": "auth.permission", "pk": 11, "fields": {"name": "Can delete video exhibit", "content_type": 3, "codename": "delete_videoexhibit"}}, {"model": "auth.permission", "pk": 12, "fields": {"name": "Can view video exhibit", "content_type": 3, "codename": "view_videoexhibit"}}, {"model": "auth.permission", "pk": 13, "fields": {"name": "Can add \u0420\u0435\u0444\u043b\u0435\u043a\u0441\u0438\u044f \u043d\u0430 \u044d\u043a\u0441\u043f\u043e\u043d\u0430\u0442", "content_type": 4, "codename": "add_reflectionexhibit"}}, {"model": "auth.permission", "pk": 14, "fields": {"name": "Can change \u0420\u0435\u0444\u043b\u0435\u043a\u0441\u0438\u044f \u043d\u0430 \u044d\u043a\u0441\u043f\u043e\u043d\u0430\u0442", "content_type": 4, "codename": "change_reflectionexhibit"}}, {"model": "auth.permission", "pk": 15, "fields": {"name": "Can delete \u0420\u0435\u0444\u043b\u0435\u043a\u0441\u0438\u044f \u043d\u0430 \u044d\u043a\u0441\u043f\u043e\u043d\u0430\u0442", "content_type": 4, "codename": "delete_reflectionexhibit"}}, {"model": "auth.permission", "pk": 16, "fields": {"name": "Can view \u0420\u0435\u0444\u043b\u0435\u043a\u0441\u0438\u044f \u043d\u0430 \u044d\u043a\u0441\u043f\u043e\u043d\u0430\u0442", "content_type": 4, "codename": "view_reflectionexhibit"}}, {"model": "auth.permission", "pk": 17, "fields": {"name": "Can add photo exhibit", "content_type": 5, "codename": "add_photoexhibit"}}, {"model": "auth.permission", "pk": 18, "fields": {"name": "Can change photo exhibit", "content_type": 5, "codename": "change_photoexhibit"}}, {"model": "auth.permission", "pk": 19, "fields": {"name": "Can delete photo exhibit", "content_type": 5, "codename": "delete_photoexhibit"}}, {"model": "auth.permission", "pk": 20, "fields": {"name": "Can view photo exhibit", "content_type": 5, "codename": "view_photoexhibit"}}, {"model": "auth.permission", "pk": 21, "fields": {"name": "Can add journey", "content_type": 6, "codename": "add_journey"}}, {"model": "auth.permission", "pk": 22, "fields": {"name": "Can change journey", "content_type": 6, "codename": "change_journey"}}, {"model": "auth.permission", "pk": 23, "fields": {"name": "Can delete journey", "content_type": 6, "codename": "delete_journey"}}, {"model": "auth.permission", "pk": 24, "fields": {"name": "Can view journey", "content_type": 6, "codename": "view_journey"}}, {"model": "auth.permission", "pk": 25, "fields": {"name": "Can add description exhibit", "content_type": 7, "codename": "add_descriptionexhibit"}}, {"model": "auth.permission", "pk": 26, "fields": {"name": "Can change description exhibit", "content_type": 7, "codename": "change_descriptionexhibit"}}, {"model": "auth.permission", "pk": 27, "fields": {"name": "Can delete description exhibit", "content_type": 7, "codename": "delete_descriptionexhibit"}}, {"model": "auth.permission", "pk": 28, "fields": {"name": "Can view description exhibit", "content_type": 7, "codename": "view_descriptionexhibit"}}, {"model": "auth.permission", "pk": 29, "fields": {"name": "Can add audio exhibit", "content_type": 8, "codename": "add_audioexhibit"}}, {"model": "auth.permission", "pk": 30, "fields": {"name": "Can change audio exhibit", "content_type": 8, "codename": "change_audioexhibit"}}, {"model": "auth.permission", "pk": 31, "fields": {"name": "Can delete audio exhibit", "content_type": 8, "codename": "delete_audioexhibit"}}, {"model": "auth.permission", "pk": 32, "fields": {"name": "Can view audio exhibit", "content_type": 8, "codename": "view_audioexhibit"}}, {"model": "auth.permission", "pk": 33, "fields": {"name": "Can add log entry", "content_type": 9, "codename": "add_logentry"}}, {"model": "auth.permission", "pk": 34, "fields": {"name": "Can change log entry", "content_type": 9, "codename": "change_logentry"}}, {"model": "auth.permission", "pk": 35, "fields": {"name": "Can delete log entry", "content_type": 9, "codename": "delete_logentry"}}, {"model": "auth.permission", "pk": 36, "fields": {"name": "Can view log entry", "content_type": 9, "codename": "view_logentry"}}, {"model": "auth.permission", "pk": 37, "fields": {"name": "Can add permission", "content_type": 10, "codename": "add_permission"}}, {"model": "auth.permission", "pk": 38, "fields": {"name": "Can change permission", "content_type": 10, "codename": "change_permission"}}, {"model": "auth.permission", "pk": 39, "fields": {"name": "Can delete permission", "content_type": 10, "codename": "delete_permission"}}, {"model": "auth.permission", "pk": 40, "fields": {"name": "Can view permission", "content_type": 10, "codename": "view_permission"}}, {"model": "auth.permission", "pk": 41, "fields": {"name": "Can add group", "content_type": 11, "codename": "add_group"}}, {"model": "auth.permission", "pk": 42, "fields": {"name": "Can change group", "content_type": 11, "codename": "change_group"}}, {"model": "auth.permission", "pk": 43, "fields": {"name": "Can delete group", "content_type": 11, "codename": "delete_group"}}, {"model": "auth.permission", "pk": 44, "fields": {"name": "Can view group", "content_type": 11, "codename": "view_group"}}, {"model": "auth.permission", "pk": 45, "fields": {"name": "Can add user", "content_type": 12, "codename": "add_user"}}, {"model": "auth.permission", "pk": 46, "fields": {"name": "Can change user", "content_type": 12, "codename": "change_user"}}, {"model": "auth.permission", "pk": 47, "fields": {"name": "Can delete user", "content_type": 12, "codename": "delete_user"}}, {"model": "auth.permission", "pk": 48, "fields": {"name": "Can view user", "content_type": 12, "codename": "view_user"}}, {"model": "auth.permission", "pk": 49, "fields": {"name": "Can add content type", "content_type": 13, "codename": "add_contenttype"}}, {"model": "auth.permission", "pk": 50, "fields": {"name": "Can change content type", "content_type": 13, "codename": "change_contenttype"}}, {"model": "auth.permission", "pk": 51, "fields": {"name": "Can delete content type", "content_type": 13, "codename": "delete_contenttype"}}, {"model": "auth.permission", "pk": 52, "fields": {"name": "Can view content type", "content_type": 13, "codename": "view_contenttype"}}, {"model": "auth.permission", "pk": 53, "fields": {"name": "Can add session", "content_type": 14, "codename": "add_session"}}, {"model": "auth.permission", "pk": 54, "fields": {"name": "Can change session", "content_type": 14, "codename": "change_session"}}, {"model": "auth.permission", "pk": 55, "fields": {"name": "Can delete session", "content_type": 14, "codename": "delete_session"}}, {"model": "auth.permission", "pk": 56, "fields": {"name": "Can view session", "content_type": 14, "codename": "view_session"}}, {"model": "auth.permission", "pk": 57, "fields": {"name": "Can add Feedback \u043f\u043e\u043b\u044c\u0437\u043e\u0432\u0430\u0442\u0435\u043b\u044f", "content_type": 15, "codename": "add_userfeedback"}}, {"model": "auth.permission", "pk": 58, "fields": {"name": "Can change Feedback \u043f\u043e\u043b\u044c\u0437\u043e\u0432\u0430\u0442\u0435\u043b\u044f", "content_type": 15, "codename": "change_userfeedback"}}, {"model": "auth.permission", "pk": 59, "fields": {"name": "Can delete Feedback \u043f\u043e\u043b\u044c\u0437\u043e\u0432\u0430\u0442\u0435\u043b\u044f", "content_type": 15, "codename": "delete_userfeedback"}}, {"model": "auth.permission", "pk": 60, "fields": {"name": "Can view Feedback \u043f\u043e\u043b\u044c\u0437\u043e\u0432\u0430\u0442\u0435\u043b\u044f", "content_type": 15, "codename": "view_userfeedback"}}, {"model": "auth.permission", "pk": 61, "fields": {"name": "Can add route review", "content_type": 16, "codename": "add_routereview"}}, {"model": "auth.permission", "pk": 62, "fields": {"name": "Can change route review", "content_type": 16, "codename": "change_routereview"}}, {"model": "auth.permission", "pk": 63, "fields": {"name": "Can delete route review", "content_type": 16, "codename": "delete_routereview"}}, {"model": "auth.permission", "pk": 64, "fields": {"name": "Can view route review", "content_type": 16, "codename": "view_routereview"}}, {"model": "auth.permission", "pk": 65, "fields": {"name": "Can add exhibit comment", "content_type": 17, "codename": "add_exhibitcomment"}}, {"model": "auth.permission", "pk": 66, "fields": {"name": "Can change exhibit comment", "content_type": 17, "codename": "change_exhibitcomment"}}, {"model": "auth.permission", "pk": 67, "fields": {"name": "Can delete exhibit comment", "content_type": 17, "codename": "delete_exhibitcomment"}}, {"model": "auth.permission", "pk": 68, "fields": {"name": "Can view exhibit comment", "content_type": 17, "codename": "view_exhibitcomment"}}, {"model": "auth.user", "pk": 1, "fields": {"password": "pbkdf2_sha256$150000$TAgFSdfw9NIC$RFvn++CEhJVuQeUYln9gIF0hvzkU8vNQFCAxdChdr7Q=", "last_login": "2023-08-31T19:20:53.268Z", "is_superuser": true, "username": "v.shirokov", "first_name": "", "last_name": "", "email": "", "is_staff": true, "is_active": true, "date_joined": "2023-08-30T09:46:57.739Z", "groups": [], "user_permissions": []}}, {"model": "auth.user", "pk": 2, "fields": {"password": "pbkdf2_sha256$150000$7YbG8sVLGFOJ$x5lC6/+Ea6A32yxbu6FJeL6DItYaUYLlwBPb+AEB8k4=", "last_login": null, "is_superuser": true, "username": "NothingWrong", "first_name": "", "last_name": "", "email": "", "is_staff": true, "is_active": true, "date_joined": "2023-08-31T15:40:55.323Z", "groups": [], "user_permissions": []}}, {"model": "admin.logentry", "pk": 1, "fields": {"action_time": "2023-08-30T09:48:18.860Z", "user": 1, "content_type": 2, "object_id": "1", "object_repr": "1", "action_flag": 1, "change_message": "[{\"added\": {}}]"}}, {"model": "admin.logentry", "pk": 2, "fields": {"action_time": "2023-08-30T09:48:56.277Z", "user": 1, "content_type": 1, "object_id": "1", "object_repr": "a", "action_flag": 1, "change_message": "[{\"added\": {}}, {\"added\": {\"name\": \"description exhibit\", \"object\": \"DescriptionExhibit object (1)\"}}, {\"added\": {\"name\": \"description exhibit\", \"object\": \"DescriptionExhibit object (2)\"}}, {\"added\": {\"name\": \"description exhibit\", \"object\": \"DescriptionExhibit object (3)\"}}]"}}, {"model": "admin.logentry", "pk": 3, "fields": {"action_time": "2023-08-30T11:10:36.364Z", "user": 1, "content_type": 2, "object_id": "1", "object_repr": "1", "action_flag": 3, "change_message": ""}}, {"model": "admin.logentry", "pk": 4, "fields": {"action_time": "2023-08-30T11:10:48.700Z", "user": 1, "content_type": 1, "object_id": "1", "object_repr": "a", "action_flag": 3, "change_message": ""}}, {"model": "admin.logentry", "pk": 5, "fields": {"action_time": "2023-08-30T11:13:41.694Z", "user": 1, "content_type": 2, "object_id": "2", "object_repr": "\u0420\u0443\u043a\u0438 \u0431\u044b \u0438\u043c \u0432\u0441\u0435\u043c \u043e\u0442\u043e\u0440\u0432\u0430\u0442\u044c", "action_flag": 1, "change_message": "[{\"added\": {}}]"}}, {"model": "admin.logentry", "pk": 6, "fields": {"action_time": "2023-08-30T11:16:05.577Z", "user": 1, "content_type": 2, "object_id": "3", "object_repr": "\u041d\u0435 \u0441 \u043a\u0435\u043c \u0438\u0433\u0440\u0430\u0442\u044c. \u0418\u0433\u0440\u0430\u044e \u0441\u043e \u0441\u0442\u0435\u043d\u043e\u0439", "action_flag": 1, "change_message": "[{\"added\": {}}]"}}, {"model": "admin.logentry", "pk": 7, "fields": {"action_time": "2023-08-30T11:18:35.115Z", "user": 1, "content_type": 2, "object_id": "4", "object_repr": "...\u043d\u043e \u0441\u043f\u0438/\u0421\u041c\u0418 \u0441\u043f\u043e\u043a\u043e\u0439\u043d\u043e", "action_flag": 1, "change_message": "[{\"added\": {}}]"}}, {"model": "admin.logentry", "pk": 8, "fields": {"action_time": "2023-08-30T11:33:14.037Z", "user": 1, "content_type": 1, "object_id": "2", "object_repr": "\u0411\u0435\u0437 \u043d\u0430\u0437\u0432\u0430\u043d\u0438\u044f", "action_flag": 1, "change_message": "[{\"added\": {}}, {\"added\": {\"name\": \"photo exhibit\", \"object\": \"PhotoExhibit object (1)\"}}, {\"added\": {\"name\": \"photo exhibit\", \"object\": \"PhotoExhibit object (2)\"}}, {\"added\": {\"name\": \"photo exhibit\", \"object\": \"PhotoExhibit object (3)\"}}, {\"added\": {\"name\": \"photo exhibit\", \"object\": \"PhotoExhibit object (4)\"}}, {\"added\": {\"name\": \"description exhibit\", \"object\": \"DescriptionExhibit object (4)\"}}, {\"added\": {\"name\": \"description exhibit\", \"object\": \"DescriptionExhibit object (5)\"}}, {\"added\": {\"name\": \"description exhibit\", \"object\": \"DescriptionExhibit object (6)\"}}]"}}, {"model": "admin.logentry", "pk": 9, "fields": {"action_time": "2023-08-30T11:38:17.166Z", "user": 1, "content_type": 1, "object_id": "3", "object_repr": "\u042d\u043f\u043e\u0445\u0430 \u0440\u0430\u0437\u043e\u0440\u0435\u043d\u043d\u043e\u0439 \u043a\u0440\u0430\u0441\u043e\u0442\u044b", "action_flag": 1, "change_message": "[{\"added\": {}}, {\"added\": {\"name\": \"photo exhibit\", \"object\": \"PhotoExhibit object (5)\"}}, {\"added\": {\"name\": \"description exhibit\", \"object\": \"DescriptionExhibit object (7)\"}}, {\"added\": {\"name\": \"description exhibit\", \"object\": \"DescriptionExhibit object (8)\"}}]"}}, {"model": "admin.logentry", "pk": 10, "fields": {"action_time": "2023-08-30T11:40:30.591Z", "user": 1, "content_type": 1, "object_id": "4", "object_repr": "\u0421\u043f\u0443\u0442\u043d\u0438\u043a", "action_flag": 1, "change_message": "[{\"added\": {}}, {\"added\": {\"name\": \"photo exhibit\", \"object\": \"PhotoExhibit object (6)\"}}, {\"added\": {\"name\": \"description exhibit\", \"object\": \"DescriptionExhibit object (9)\"}}, {\"added\": {\"name\": \"description exhibit\", \"object\": \"DescriptionExhibit object (10)\"}}]"}}, {"model": "admin.logentry", "pk": 11, "fields": {"action_time": "2023-08-30T11:58:41.798Z", "user": 1, "content_type": 1, "object_id": "5", "object_repr": "\u041f\u043e\u0434\u043e\u0440\u043e\u0436\u043d\u0438\u043a", "action_flag": 1, "change_message": "[{\"added\": {}}, {\"added\": {\"name\": \"photo exhibit\", \"object\": \"PhotoExhibit object (7)\"}}, {\"added\": {\"name\": \"description exhibit\", \"object\": \"DescriptionExhibit object (11)\"}}, {\"added\": {\"name\": \"description exhibit\", \"object\": \"DescriptionExhibit object (12)\"}}, {\"added\": {\"name\": \"description exhibit\", \"object\": \"DescriptionExhibit object (13)\"}}]"}}, {"model": "admin.logentry", "pk": 12, "fields": {"action_time": "2023-08-30T12:00:26.072Z", "user": 1, "content_type": 1, "object_id": "6", "object_repr": "\u0422\u0438\u0433\u0440", "action_flag": 1, "change_message": "[{\"added\": {}}, {\"added\": {\"name\": \"photo exhibit\", \"object\": \"PhotoExhibit object (8)\"}}, {\"added\": {\"name\": \"description exhibit\", \"object\": \"DescriptionExhibit object (14)\"}}, {\"added\": {\"name\": \"description exhibit\", \"object\": \"DescriptionExhibit object (15)\"}}]"}}, {"model": "admin.logentry", "pk": 13, "fields": {"action_time": "2023-08-30T12:01:48.944Z", "user": 1, "content_type": 1, "object_id": "7", "object_repr": "\u0425\u043e\u0440\u043e\u0432\u043e\u0434", "action_flag": 1, "change_message": "[{\"added\": {}}, {\"added\": {\"name\": \"photo exhibit\", \"object\": \"PhotoExhibit object (9)\"}}, {\"added\": {\"name\": \"description exhibit\", \"object\": \"DescriptionExhibit object (16)\"}}, {\"added\": {\"name\": \"description exhibit\", \"object\": \"DescriptionExhibit object (17)\"}}]"}}, {"model": "admin.logentry", "pk": 14, "fields": {"action_time": "2023-08-30T12:07:03.061Z", "user": 1, "content_type": 1, "object_id": "8", "object_repr": "\u0425\u043e\u0440\u043e\u0448\u043e\u0433\u0440", "action_flag": 1, "change_message": "[{\"added\": {}}, {\"added\": {\"name\": \"photo exhibit\", \"object\": \"PhotoExhibit object (10)\"}}, {\"added\": {\"name\": \"description exhibit\", \"object\": \"DescriptionExhibit object (18)\"}}]"}}, {"model": "admin.logentry", "pk": 15, "fields": {"action_time": "2023-08-30T12:13:44.525Z", "user": 1, "content_type": 1, "object_id": "9", "object_repr": "\u0411\u0435\u0437 \u043d\u0430\u0437\u0432\u0430\u043d\u0438\u044f", "action_flag": 1, "change_message": "[{\"added\": {}}, {\"added\": {\"name\": \"photo exhibit\", \"object\": \"PhotoExhibit object (11)\"}}]"}}, {"model": "admin.logentry", "pk": 16, "fields": {"action_time": "2023-08-30T12:16:19.198Z", "user": 1, "content_type": 1, "object_id": "10", "object_repr": "\u041d\u0430\u0440\u0435\u0447\u0438\u0435", "action_flag": 1, "change_message": "[{\"added\": {}}, {\"added\": {\"name\": \"photo exhibit\", \"object\": \"PhotoExhibit object (12)\"}}, {\"added\": {\"name\": \"description exhibit\", \"object\": \"DescriptionExhibit object (19)\"}}]"}}, {"model": "admin.logentry", "pk": 17, "fields": {"action_time": "2023-08-30T12:18:18.020Z", "user": 1, "content_type": 1, "object_id": "11", "object_repr": "\u0411\u0435\u0437 \u043d\u0430\u0437\u0432\u0430\u043d\u0438\u044f", "action_flag": 1, "change_message": "[{\"added\": {}}, {\"added\": {\"name\": \"photo exhibit\", \"object\": \"PhotoExhibit object (13)\"}}, {\"added\": {\"name\": \"description exhibit\", \"object\": \"DescriptionExhibit object (20)\"}}]"}}, {"model": "admin.logentry", "pk": 18, "fields": {"action_time": "2023-08-30T12:19:13.443Z", "user": 1, "content_type": 1, "object_id": "12", "object_repr": "\u0411\u0435\u0437 \u043d\u0430\u0437\u0432\u0430\u043d\u0438\u044f", "action_flag": 1, "change_message": "[{\"added\": {}}, {\"added\": {\"name\": \"photo exhibit\", \"object\": \"PhotoExhibit object (14)\"}}, {\"added\": {\"name\": \"description exhibit\", \"object\": \"DescriptionExhibit object (21)\"}}]"}}, {"model": "admin.logentry", "pk": 19, "fields": {"action_time": "2023-08-30T12:23:31.565Z", "user": 1, "content_type": 1, "object_id": "13", "object_repr": "\u0418\u043b\u0438 \u0438\u043b\u0438", "action_flag": 1, "change_message": "[{\"added\": {}}, {\"added\": {\"name\": \"photo exhibit\", \"object\": \"PhotoExhibit object (15)\"}}, {\"added\": {\"name\": \"description exhibit\", \"object\": \"DescriptionExhibit object (22)\"}}]"}}, {"model": "admin.logentry", "pk": 20, "fields": {"action_time": "2023-08-30T12:25:33.162Z", "user": 1, "content_type": 1, "object_id": "14", "object_repr": "\u041a\u0432\u0430\u0440\u0442\u0435\u0442", "action_flag": 1, "change_message": "[{\"added\": {}}, {\"added\": {\"name\": \"photo exhibit\", \"object\": \"PhotoExhibit object (16)\"}}, {\"added\": {\"name\": \"description exhibit\", \"object\": \"DescriptionExhibit object (23)\"}}]"}}, {"model": "admin.logentry", "pk": 21, "fields": {"action_time": "2023-08-30T12:29:23.113Z", "user": 1, "content_type": 1, "object_id": "15", "object_repr": "\u0411\u0435\u0437 \u043d\u0430\u0437\u0432\u0430\u043d\u0438\u044f", "action_flag": 1, "change_message": "[{\"added\": {}}, {\"added\": {\"name\": \"photo exhibit\", \"object\": \"PhotoExhibit object (17)\"}}, {\"added\": {\"name\": \"description exhibit\", \"object\": \"DescriptionExhibit object (24)\"}}]"}}, {"model": "admin.logentry", "pk": 22, "fields": {"action_time": "2023-08-30T12:31:33.637Z", "user": 1, "content_type": 1, "object_id": "16", "object_repr": "\u0426\u0432\u0435\u0442\u044b", "action_flag": 1, "change_message": "[{\"added\": {}}, {\"added\": {\"name\": \"photo exhibit\", \"object\": \"PhotoExhibit object (18)\"}}, {\"added\": {\"name\": \"description exhibit\", \"object\": \"DescriptionExhibit object (25)\"}}, {\"added\": {\"name\": \"description exhibit\", \"object\": \"DescriptionExhibit object (26)\"}}, {\"added\": {\"name\": \"description exhibit\", \"object\": \"DescriptionExhibit object (27)\"}}]"}}, {"model": "admin.logentry", "pk": 23, "fields": {"action_time": "2023-08-30T12:32:51.171Z", "user": 1, "content_type": 1, "object_id": "17", "object_repr": "\u0414\u0435\u0432\u0443\u0448\u043a\u0430", "action_flag": 1, "change_message": "[{\"added\": {}}, {\"added\": {\"name\": \"photo exhibit\", \"object\": \"PhotoExhibit object (19)\"}}, {\"added\": {\"name\": \"photo exhibit\", \"object\": \"PhotoExhibit object (20)\"}}, {\"added\": {\"name\": \"description exhibit\", \"object\": \"DescriptionExhibit object (28)\"}}]"}}, {"model": "admin.logentry", "pk": 24, "fields": {"action_time": "2023-08-30T12:35:06.505Z", "user": 1, "content_type": 1, "object_id": "18", "object_repr": "\u0411\u0435\u0437 \u043d\u0430\u0437\u0432\u0430\u043d\u0438\u044f", "action_flag": 1, "change_message": "[{\"added\": {}}, {\"added\": {\"name\": \"photo exhibit\", \"object\": \"PhotoExhibit object (21)\"}}, {\"added\": {\"name\": \"description exhibit\", \"object\": \"DescriptionExhibit object (29)\"}}, {\"added\": {\"name\": \"description exhibit\", \"object\": \"DescriptionExhibit object (30)\"}}]"}}, {"model": "admin.logentry", "pk": 25, "fields": {"action_time": "2023-08-30T12:36:20.233Z", "user": 1, "content_type": 1, "object_id": "19", "object_repr": "\u041d\u0438\u043a\u043e\u043c\u0443 \u043d\u0435 \u043b\u0435\u0433\u0447\u0435", "action_flag": 1, "change_message": "[{\"added\": {}}, {\"added\": {\"name\": \"photo exhibit\", \"object\": \"PhotoExhibit object (22)\"}}, {\"added\": {\"name\": \"description exhibit\", \"object\": \"DescriptionExhibit object (31)\"}}]"}}, {"model": "admin.logentry", "pk": 26, "fields": {"action_time": "2023-08-30T12:37:35.618Z", "user": 1, "content_type": 1, "object_id": "20", "object_repr": "\u041f\u0443\u0441\u0442\u044c \u0446\u0432\u0435\u0442\u0443\u0442 \u0432\u0441\u0435 \u0446\u0432\u0435\u0442\u044b", "action_flag": 1, "change_message": "[{\"added\": {}}, {\"added\": {\"name\": \"photo exhibit\", \"object\": \"PhotoExhibit object (23)\"}}, {\"added\": {\"name\": \"description exhibit\", \"object\": \"DescriptionExhibit object (32)\"}}]"}}, {"model": "admin.logentry", "pk": 27, "fields": {"action_time": "2023-08-30T12:48:26.893Z", "user": 1, "content_type": 1, "object_id": "21", "object_repr": "\u0421\u043f\u043e\u0442 \u043d\u0430 \u0423\u043d\u0438\u0432\u0435\u0440\u0441\u0438\u0442\u0435\u0442\u0441\u043a\u043e\u043c", "action_flag": 1, "change_message": "[{\"added\": {}}, {\"added\": {\"name\": \"photo exhibit\", \"object\": \"PhotoExhibit object (24)\"}}, {\"added\": {\"name\": \"description exhibit\", \"object\": \"DescriptionExhibit object (33)\"}}]"}}, {"model": "admin.logentry", "pk": 28, "fields": {"action_time": "2023-08-30T12:50:24.248Z", "user": 1, "content_type": 1, "object_id": "22", "object_repr": "\u041a\u043e\u0432\u0451\u0440", "action_flag": 1, "change_message": "[{\"added\": {}}, {\"added\": {\"name\": \"photo exhibit\", \"object\": \"PhotoExhibit object (25)\"}}, {\"added\": {\"name\": \"description exhibit\", \"object\": \"DescriptionExhibit object (34)\"}}]"}}, {"model": "admin.logentry", "pk": 29, "fields": {"action_time": "2023-08-30T12:56:21.796Z", "user": 1, "content_type": 1, "object_id": "23", "object_repr": "\u0417\u0430\u043a\u0440\u043e\u0439 \u0433\u043b\u0430\u0437\u0430 \u2014 \u043e\u0442\u043a\u0440\u043e\u0439 \u0441\u0432\u043e\u0451", "action_flag": 1, "change_message": "[{\"added\": {}}, {\"added\": {\"name\": \"photo exhibit\", \"object\": \"PhotoExhibit object (26)\"}}, {\"added\": {\"name\": \"description exhibit\", \"object\": \"DescriptionExhibit object (35)\"}}, {\"added\": {\"name\": \"description exhibit\", \"object\": \"DescriptionExhibit object (36)\"}}]"}}, {"model": "admin.logentry", "pk": 30, "fields": {"action_time": "2023-08-30T12:57:51.518Z", "user": 1, "content_type": 1, "object_id": "24", "object_repr": "\u0412\u0437\u0440\u043e\u0441\u043b\u043e\u0441\u0442\u044c", "action_flag": 1, "change_message": "[{\"added\": {}}, {\"added\": {\"name\": \"photo exhibit\", \"object\": \"PhotoExhibit object (27)\"}}, {\"added\": {\"name\": \"description exhibit\", \"object\": \"DescriptionExhibit object (37)\"}}, {\"added\": {\"name\": \"description exhibit\", \"object\": \"DescriptionExhibit object (38)\"}}]"}}, {"model": "admin.logentry", "pk": 31, "fields": {"action_time": "2023-08-30T13:00:01.829Z", "user": 1, "content_type": 1, "object_id": "25", "object_repr": "\u0412\u0435\u0441\u043d\u0430", "action_flag": 1, "change_message": "[{\"added\": {}}, {\"added\": {\"name\": \"photo exhibit\", \"object\": \"PhotoExhibit object (28)\"}}, {\"added\": {\"name\": \"photo exhibit\", \"object\": \"PhotoExhibit object (29)\"}}, {\"added\": {\"name\": \"description exhibit\", \"object\": \"DescriptionExhibit object (39)\"}}, {\"added\": {\"name\": \"description exhibit\", \"object\": \"DescriptionExhibit object (40)\"}}]"}}, {"model": "admin.logentry", "pk": 32, "fields": {"action_time": "2023-08-31T07:43:55.919Z", "user": 1, "content_type": 1, "object_id": "18", "object_repr": "\u0411\u0435\u0437 \u043d\u0430\u0437\u0432\u0430\u043d\u0438\u044f", "action_flag": 2, "change_message": "[{\"added\": {\"name\": \"photo exhibit\", \"object\": \"PhotoExhibit object (30)\"}}, {\"deleted\": {\"name\": \"photo exhibit\", \"object\": \"PhotoExhibit object (None)\"}}]"}}, {"model": "admin.logentry", "pk": 33, "fields": {"action_time": "2023-08-31T07:49:59.745Z", "user": 1, "content_type": 1, "object_id": "16", "object_repr": "\u0426\u0432\u0435\u0442\u044b", "action_flag": 2, "change_message": "[{\"added\": {\"name\": \"photo exhibit\", \"object\": \"PhotoExhibit object (31)\"}}, {\"deleted\": {\"name\": \"photo exhibit\", \"object\": \"PhotoExhibit object (None)\"}}]"}}, {"model": "admin.logentry", "pk": 34, "fields": {"action_time": "2023-08-31T07:55:03.546Z", "user": 1, "content_type": 1, "object_id": "16", "object_repr": "\u0426\u0432\u0435\u0442\u044b", "action_flag": 3, "change_message": ""}}, {"model": "admin.logentry", "pk": 35, "fields": {"action_time": "2023-08-31T07:55:36.398Z", "user": 1, "content_type": 1, "object_id": "18", "object_repr": "\u0411\u0435\u0437 \u043d\u0430\u0437\u0432\u0430\u043d\u0438\u044f", "action_flag": 2, "change_message": "[{\"changed\": {\"fields\": [\"order\"]}}]"}}, {"model": "admin.logentry", "pk": 36, "fields": {"action_time": "2023-08-31T07:59:42.523Z", "user": 1, "content_type": 6, "object_id": "18", "object_repr": "Journey object (18)", "action_flag": 2, "change_message": "[{\"changed\": {\"fields\": [\"now_exhibit\"]}}]"}}, {"model": "admin.logentry", "pk": 37, "fields": {"action_time": "2023-08-31T08:06:36.827Z", "user": 1, "content_type": 1, "object_id": "18", "object_repr": "\u0411\u0435\u0437 \u043d\u0430\u0437\u0432\u0430\u043d\u0438\u044f", "action_flag": 2, "change_message": "[{\"changed\": {\"fields\": [\"order\"]}}]"}}, {"model": "admin.logentry", "pk": 38, "fields": {"action_time": "2023-08-31T08:11:21.727Z", "user": 1, "content_type": 1, "object_id": "26", "object_repr": "\u044b\u0432\u0430", "action_flag": 1, "change_message": "[{\"added\": {}}, {\"added\": {\"name\": \"photo exhibit\", \"object\": \"PhotoExhibit object (32)\"}}, {\"added\": {\"name\": \"description exhibit\", \"object\": \"DescriptionExhibit object (41)\"}}, {\"added\": {\"name\": \"description exhibit\", \"object\": \"DescriptionExhibit object (42)\"}}]"}}, {"model": "admin.logentry", "pk": 39, "fields": {"action_time": "2023-08-31T08:11:29.613Z", "user": 1, "content_type": 1, "object_id": "26", "object_repr": "\u044b\u0432\u0430", "action_flag": 2, "change_message": "[{\"changed\": {\"fields\": [\"order\"]}}]"}}, {"model": "admin.logentry", "pk": 40, "fields": {"action_time": "2023-08-31T08:26:52.313Z", "user": 1, "content_type": 1, "object_id": "17", "object_repr": "\u0414\u0435\u0432\u0443\u0448\u043a\u0430", "action_flag": 2, "change_message": "[{\"changed\": {\"fields\": [\"answer_for_reflection\", \"where_start\"]}}, {\"changed\": {\"name\": \"description exhibit\", \"object\": \"DescriptionExhibit object (28)\", \"fields\": [\"text\"]}}]"}}, {"model": "admin.logentry", "pk": 41, "fields": {"action_time": "2023-08-31T08:28:04.582Z", "user": 1, "content_type": 1, "object_id": "26", "object_repr": "\u044b\u0432\u0430", "action_flag": 2, "change_message": "[{\"changed\": {\"name\": \"description exhibit\", \"object\": \"DescriptionExhibit object (41)\", \"fields\": [\"text\"]}}, {\"changed\": {\"name\": \"description exhibit\", \"object\": \"DescriptionExhibit object (42)\", \"fields\": [\"text\"]}}]"}}, {"model": "admin.logentry", "pk": 42, "fields": {"action_time": "2023-08-31T08:57:03.837Z", "user": 1, "content_type": 1, "object_id": "26", "object_repr": "\u044b\u0432\u0430", "action_flag": 2, "change_message": "[{\"added\": {\"name\": \"description exhibit\", \"object\": \"DescriptionExhibit object (43)\"}}, {\"added\": {\"name\": \"description exhibit\", \"object\": \"DescriptionExhibit object (44)\"}}, {\"added\": {\"name\": \"description exhibit\", \"object\": \"DescriptionExhibit object (45)\"}}, {\"changed\": {\"name\": \"description exhibit\", \"object\": \"DescriptionExhibit object (41)\", \"fields\": [\"text\"]}}]"}}, {"model": "admin.logentry", "pk": 43, "fields": {"action_time": "2023-08-31T09:39:51.744Z", "user": 1, "content_type": 2, "object_id": "4", "object_repr": "...\u043d\u043e \u0441\u043f\u0438|\u0421\u041c\u0418 \u0441\u043f\u043e\u043a\u043e\u0439\u043d\u043e", "action_flag": 2, "change_message": "[{\"changed\": {\"fields\": [\"show\"]}}]"}}, {"model": "admin.logentry", "pk": 44, "fields": {"action_time": "2023-08-31T09:45:41.525Z", "user": 1, "content_type": 2, "object_id": "4", "object_repr": "...\u043d\u043e \u0441\u043f\u0438|\u0421\u041c\u0418 \u0441\u043f\u043e\u043a\u043e\u0439\u043d\u043e", "action_flag": 2, "change_message": "[{\"changed\": {\"fields\": [\"show\"]}}]"}}, {"model": "admin.logentry", "pk": 45, "fields": {"action_time": "2023-08-31T09:47:04.819Z", "user": 1, "content_type": 2, "object_id": "3", "object_repr": "\u041d\u0435 \u0441 \u043a\u0435\u043c \u0438\u0433\u0440\u0430\u0442\u044c. \u0418\u0433\u0440\u0430\u044e \u0441\u043e \u0441\u0442\u0435\u043d\u043e\u0439", "action_flag": 2, "change_message": "[{\"changed\": {\"fields\": [\"show\"]}}]"}}, {"model": "admin.logentry", "pk": 46, "fields": {"action_time": "2023-08-31T09:49:56.368Z", "user": 1, "content_type": 2, "object_id": "3", "object_repr": "\u041d\u0435 \u0441 \u043a\u0435\u043c \u0438\u0433\u0440\u0430\u0442\u044c. \u0418\u0433\u0440\u0430\u044e \u0441\u043e \u0441\u0442\u0435\u043d\u043e\u0439", "action_flag": 2, "change_message": "[{\"changed\": {\"fields\": [\"show\"]}}]"}}, {"model": "admin.logentry", "pk": 47, "fields": {"action_time": "2023-08-31T09:51:16.216Z", "user": 1, "content_type": 2, "object_id": "4", "object_repr": "...\u043d\u043e \u0441\u043f\u0438|\u0421\u041c\u0418 \u0441\u043f\u043e\u043a\u043e\u0439\u043d\u043e", "action_flag": 2, "change_message": "[{\"changed\": {\"fields\": [\"show\"]}}]"}}, {"model": "admin.logentry", "pk": 48, "fields": {"action_time": "2023-08-31T09:54:09.191Z", "user": 1, "content_type": 2, "object_id": "4", "object_repr": "...\u043d\u043e \u0441\u043f\u0438|\u0421\u041c\u0418 \u0441\u043f\u043e\u043a\u043e\u0439\u043d\u043e", "action_flag": 2, "change_message": "[{\"changed\": {\"fields\": [\"show\"]}}]"}}, {"model": "admin.logentry", "pk": 49, "fields": {"action_time": "2023-08-31T10:06:04.793Z", "user": 1, "content_type": 2, "object_id": "4", "object_repr": "...\u043d\u043e \u0441\u043f\u0438|\u0421\u041c\u0418 \u0441\u043f\u043e\u043a\u043e\u0439\u043d\u043e", "action_flag": 2, "change_message": "[{\"changed\": {\"fields\": [\"question_end\"]}}]"}}, {"model": "admin.logentry", "pk": 50, "fields": {"action_time": "2023-08-31T10:07:06.865Z", "user": 1, "content_type": 6, "object_id": "31", "object_repr": "Journey object (31)", "action_flag": 2, "change_message": "[{\"changed\": {\"fields\": [\"now_exhibit\"]}}]"}}, {"model": "admin.logentry", "pk": 51, "fields": {"action_time": "2023-08-31T10:09:48.837Z", "user": 1, "content_type": 2, "object_id": "4", "object_repr": "...\u043d\u043e \u0441\u043f\u0438|\u0421\u041c\u0418 \u0441\u043f\u043e\u043a\u043e\u0439\u043d\u043e", "action_flag": 2, "change_message": "[]"}}, {"model": "admin.logentry", "pk": 52, "fields": {"action_time": "2023-08-31T10:09:59.660Z", "user": 1, "content_type": 6, "object_id": "32", "object_repr": "Journey object (32)", "action_flag": 2, "change_message": "[{\"changed\": {\"fields\": [\"now_exhibit\"]}}]"}}, {"model": "admin.logentry", "pk": 53, "fields": {"action_time": "2023-08-31T10:12:01.194Z", "user": 1, "content_type": 2, "object_id": "4", "object_repr": "...\u043d\u043e \u0441\u043f\u0438|\u0421\u041c\u0418 \u0441\u043f\u043e\u043a\u043e\u0439\u043d\u043e", "action_flag": 2, "change_message": "[{\"changed\": {\"fields\": [\"question_end\"]}}]"}}, {"model": "admin.logentry", "pk": 54, "fields": {"action_time": "2023-08-31T10:12:11.544Z", "user": 1, "content_type": 6, "object_id": "32", "object_repr": "Journey object (32)", "action_flag": 2, "change_message": "[{\"changed\": {\"fields\": [\"now_exhibit\"]}}]"}}, {"model": "admin.logentry", "pk": 55, "fields": {"action_time": "2023-08-31T10:19:01.953Z", "user": 1, "content_type": 2, "object_id": "4", "object_repr": "...\u043d\u043e \u0441\u043f\u0438|\u0421\u041c\u0418 \u0441\u043f\u043e\u043a\u043e\u0439\u043d\u043e", "action_flag": 2, "change_message": "[{\"changed\": {\"fields\": [\"question_end\"]}}]"}}, {"model": "admin.logentry", "pk": 56, "fields": {"action_time": "2023-08-31T10:19:41.907Z", "user": 1, "content_type": 6, "object_id": "33", "object_repr": "Journey object (33)", "action_flag": 2, "change_message": "[{\"changed\": {\"fields\": [\"now_exhibit\"]}}]"}}, {"model": "admin.logentry", "pk": 57, "fields": {"action_time": "2023-08-31T10:22:10.618Z", "user": 1, "content_type": 2, "object_id": "4", "object_repr": "...\u043d\u043e \u0441\u043f\u0438|\u0421\u041c\u0418 \u0441\u043f\u043e\u043a\u043e\u0439\u043d\u043e", "action_flag": 2, "change_message": "[{\"changed\": {\"fields\": [\"question_end\"]}}]"}}, {"model": "admin.logentry", "pk": 58, "fields": {"action_time": "2023-08-31T10:22:18.616Z", "user": 1, "content_type": 6, "object_id": "33", "object_repr": "Journey object (33)", "action_flag": 2, "change_message": "[{\"changed\": {\"fields\": [\"now_exhibit\"]}}]"}}, {"model": "admin.logentry", "pk": 59, "fields": {"action_time": "2023-08-31T10:23:07.649Z", "user": 1, "content_type": 2, "object_id": "3", "object_repr": "\u041d\u0435 \u0441 \u043a\u0435\u043c \u0438\u0433\u0440\u0430\u0442\u044c. \u0418\u0433\u0440\u0430\u044e \u0441\u043e \u0441\u0442\u0435\u043d\u043e\u0439", "action_flag": 2, "change_message": "[{\"changed\": {\"fields\": [\"show\"]}}]"}}, {"model": "admin.logentry", "pk": 60, "fields": {"action_time": "2023-08-31T10:24:13.381Z", "user": 1, "content_type": 2, "object_id": "4", "object_repr": "...\u043d\u043e \u0441\u043f\u0438|\u0421\u041c\u0418 \u0441\u043f\u043e\u043a\u043e\u0439\u043d\u043e", "action_flag": 2, "change_message": "[]"}}, {"model": "admin.logentry", "pk": 61, "fields": {"action_time": "2023-08-31T10:24:19.026Z", "user": 1, "content_type": 2, "object_id": "3", "object_repr": "\u041d\u0435 \u0441 \u043a\u0435\u043c \u0438\u0433\u0440\u0430\u0442\u044c. \u0418\u0433\u0440\u0430\u044e \u0441\u043e \u0441\u0442\u0435\u043d\u043e\u0439", "action_flag": 2, "change_message": "[{\"changed\": {\"fields\": [\"show\"]}}]"}}, {"model": "admin.logentry", "pk": 62, "fields": {"action_time": "2023-08-31T10:24:25.139Z", "user": 1, "content_type": 2, "object_id": "4", "object_repr": "...\u043d\u043e \u0441\u043f\u0438|\u0421\u041c\u0418 \u0441\u043f\u043e\u043a\u043e\u0439\u043d\u043e", "action_flag": 2, "change_message": "[{\"changed\": {\"fields\": [\"show\"]}}]"}}, {"model": "admin.logentry", "pk": 63, "fields": {"action_time": "2023-08-31T10:26:32.729Z", "user": 1, "content_type": 6, "object_id": "36", "object_repr": "Journey object (36)", "action_flag": 2, "change_message": "[{\"changed\": {\"fields\": [\"now_exhibit\"]}}]"}}, {"model": "admin.logentry", "pk": 64, "fields": {"action_time": "2023-08-31T10:31:28.190Z", "user": 1, "content_type": 1, "object_id": "26", "object_repr": "\u044b\u0432\u0430", "action_flag": 2, "change_message": "[{\"changed\": {\"fields\": [\"order\"]}}]"}}, {"model": "admin.logentry", "pk": 65, "fields": {"action_time": "2023-08-31T10:31:35.681Z", "user": 1, "content_type": 1, "object_id": "26", "object_repr": "\u044b\u0432\u0430", "action_flag": 2, "change_message": "[{\"changed\": {\"fields\": [\"order\"]}}]"}}, {"model": "admin.logentry", "pk": 66, "fields": {"action_time": "2023-08-31T10:48:59.040Z", "user": 1, "content_type": 2, "object_id": "4", "object_repr": "...\u043d\u043e \u0441\u043f\u0438|\u0421\u041c\u0418 \u0441\u043f\u043e\u043a\u043e\u0439\u043d\u043e", "action_flag": 2, "change_message": "[{\"changed\": {\"fields\": [\"show\"]}}]"}}, {"model": "admin.logentry", "pk": 67, "fields": {"action_time": "2023-08-31T10:49:05.096Z", "user": 1, "content_type": 2, "object_id": "3", "object_repr": "\u041d\u0435 \u0441 \u043a\u0435\u043c \u0438\u0433\u0440\u0430\u0442\u044c. \u0418\u0433\u0440\u0430\u044e \u0441\u043e \u0441\u0442\u0435\u043d\u043e\u0439", "action_flag": 2, "change_message": "[]"}}, {"model": "admin.logentry", "pk": 68, "fields": {"action_time": "2023-08-31T15:57:13.783Z", "user": 1, "content_type": 1, "object_id": "26", "object_repr": "\u044b\u0432\u0430", "action_flag": 3, "change_message": ""}}, {"model": "admin.logentry", "pk": 69, "fields": {"action_time": "2023-08-31T16:10:41.689Z", "user": 1, "content_type": 1, "object_id": "27", "object_repr": "\u0426\u0432\u0435\u0442\u044b", "action_flag": 1, "change_message": "[{\"added\": {}}, {\"added\": {\"name\": \"photo exhibit\", \"object\": \"PhotoExhibit object (31)\"}}, {\"added\": {\"name\": \"description exhibit\", \"object\": \"DescriptionExhibit object (46)\"}}, {\"added\": {\"name\": \"description exhibit\", \"object\": \"DescriptionExhibit object (47)\"}}, {\"added\": {\"name\": \"description exhibit\", \"object\": \"DescriptionExhibit object (48)\"}}]"}}, {"model": "admin.logentry", "pk": 70, "fields": {"action_time": "2023-08-31T16:10:52.790Z", "user": 1, "content_type": 1, "object_id": "27", "object_repr": "\u0426\u0432\u0435\u0442\u044b", "action_flag": 2, "change_message": "[{\"changed\": {\"fields\": [\"order\"]}}]"}}, {"model": "admin.logentry", "pk": 71, "fields": {"action_time": "2023-08-31T16:12:56.585Z", "user": 1, "content_type": 1, "object_id": "25", "object_repr": "\u0412\u0435\u0441\u043d\u0430", "action_flag": 2, "change_message": "[{\"added\": {\"name\": \"description exhibit\", \"object\": \"DescriptionExhibit object (49)\"}}, {\"changed\": {\"name\": \"description exhibit\", \"object\": \"DescriptionExhibit object (40)\", \"fields\": [\"text\"]}}]"}}, {"model": "admin.logentry", "pk": 72, "fields": {"action_time": "2023-08-31T16:15:32.829Z", "user": 1, "content_type": 1, "object_id": "24", "object_repr": "\u0412\u0437\u0440\u043e\u0441\u043b\u043e\u0441\u0442\u044c", "action_flag": 2, "change_message": "[{\"changed\": {\"fields\": [\"answer_for_reflection\"]}}]"}}, {"model": "admin.logentry", "pk": 73, "fields": {"action_time": "2023-08-31T16:17:15.647Z", "user": 1, "content_type": 1, "object_id": "23", "object_repr": "\u0417\u0430\u043a\u0440\u043e\u0439 \u0433\u043b\u0430\u0437\u0430 \u2014 \u043e\u0442\u043a\u0440\u043e\u0439 \u0441\u0432\u043e\u0451", "action_flag": 2, "change_message": "[{\"changed\": {\"name\": \"description exhibit\", \"object\": \"DescriptionExhibit object (35)\", \"fields\": [\"text\"]}}]"}}, {"model": "admin.logentry", "pk": 74, "fields": {"action_time": "2023-08-31T16:17:28.057Z", "user": 1, "content_type": 1, "object_id": "25", "object_repr": "\u0412\u0435\u0441\u043d\u0430", "action_flag": 2, "change_message": "[{\"changed\": {\"name\": \"description exhibit\", \"object\": \"DescriptionExhibit object (40)\", \"fields\": [\"text\"]}}]"}}, {"model": "admin.logentry", "pk": 75, "fields": {"action_time": "2023-08-31T16:17:34.601Z", "user": 1, "content_type": 1, "object_id": "23", "object_repr": "\u0417\u0430\u043a\u0440\u043e\u0439 \u0433\u043b\u0430\u0437\u0430 \u2014 \u043e\u0442\u043a\u0440\u043e\u0439 \u0441\u0432\u043e\u0451", "action_flag": 2, "change_message": "[]"}}, {"model": "admin.logentry", "pk": 76, "fields": {"action_time": "2023-08-31T16:19:18.295Z", "user": 1, "content_type": 1, "object_id": "22", "object_repr": "\u041a\u043e\u0432\u0451\u0440", "action_flag": 2, "change_message": "[{\"changed\": {\"name\": \"description exhibit\", \"object\": \"DescriptionExhibit object (34)\", \"fields\": [\"text\"]}}]"}}, {"model": "admin.logentry", "pk": 77, "fields": {"action_time": "2023-08-31T16:19:24.860Z", "user": 1, "content_type": 1, "object_id": "27", "object_repr": "\u0426\u0432\u0435\u0442\u044b", "action_flag": 2, "change_message": "[]"}}, {"model": "admin.logentry", "pk": 78, "fields": {"action_time": "2023-08-31T16:19:35.573Z", "user": 1, "content_type": 1, "object_id": "25", "object_repr": "\u0412\u0435\u0441\u043d\u0430", "action_flag": 2, "change_message": "[{\"changed\": {\"name\": \"description exhibit\", \"object\": \"DescriptionExhibit object (40)\", \"fields\": [\"text\"]}}, {\"changed\": {\"name\": \"description exhibit\", \"object\": \"DescriptionExhibit object (49)\", \"fields\": [\"text\"]}}]"}}, {"model": "admin.logentry", "pk": 79, "fields": {"action_time": "2023-08-31T16:20:21.692Z", "user": 1, "content_type": 1, "object_id": "24", "object_repr": "\u0412\u0437\u0440\u043e\u0441\u043b\u043e\u0441\u0442\u044c", "action_flag": 2, "change_message": "[{\"changed\": {\"fields\": [\"answer_for_reflection\"]}}]"}}, {"model": "admin.logentry", "pk": 80, "fields": {"action_time": "2023-08-31T16:20:47.852Z", "user": 1, "content_type": 1, "object_id": "23", "object_repr": "\u0417\u0430\u043a\u0440\u043e\u0439 \u0433\u043b\u0430\u0437\u0430 \u2014 \u043e\u0442\u043a\u0440\u043e\u0439 \u0441\u0432\u043e\u0451", "action_flag": 2, "change_message": "[{\"changed\": {\"name\": \"description exhibit\", \"object\": \"DescriptionExhibit object (35)\", \"fields\": [\"text\"]}}]"}}, {"model": "admin.logentry", "pk": 81, "fields": {"action_time": "2023-08-31T16:20:53.736Z", "user": 1, "content_type": 1, "object_id": "22", "object_repr": "\u041a\u043e\u0432\u0451\u0440", "action_flag": 2, "change_message": "[]"}}, {"model": "admin.logentry", "pk": 82, "fields": {"action_time": "2023-08-31T16:23:38.022Z", "user": 1, "content_type": 1, "object_id": "21", "object_repr": "\u0421\u043f\u043e\u0442 \u043d\u0430 \u0423\u043d\u0438\u0432\u0435\u0440\u0441\u0438\u0442\u0435\u0442\u0441\u043a\u043e\u043c", "action_flag": 2, "change_message": "[{\"added\": {\"name\": \"photo exhibit\", \"object\": \"PhotoExhibit object (32)\"}}, {\"deleted\": {\"name\": \"photo exhibit\", \"object\": \"PhotoExhibit object (None)\"}}, {\"changed\": {\"name\": \"description exhibit\", \"object\": \"DescriptionExhibit object (33)\", \"fields\": [\"text\"]}}]"}}, {"model": "admin.logentry", "pk": 83, "fields": {"action_time": "2023-08-31T16:25:06.847Z", "user": 1, "content_type": 1, "object_id": "20", "object_repr": "\u041f\u0443\u0441\u0442\u044c \u0446\u0432\u0435\u0442\u0443\u0442 \u0432\u0441\u0435 \u0446\u0432\u0435\u0442\u044b", "action_flag": 2, "change_message": "[{\"changed\": {\"fields\": [\"answer_for_reflection\"]}}]"}}, {"model": "admin.logentry", "pk": 84, "fields": {"action_time": "2023-08-31T16:25:13.506Z", "user": 1, "content_type": 1, "object_id": "20", "object_repr": "\u041f\u0443\u0441\u0442\u044c \u0446\u0432\u0435\u0442\u0443\u0442 \u0432\u0441\u0435 \u0446\u0432\u0435\u0442\u044b", "action_flag": 2, "change_message": "[]"}}, {"model": "admin.logentry", "pk": 85, "fields": {"action_time": "2023-08-31T16:28:01.755Z", "user": 1, "content_type": 1, "object_id": "19", "object_repr": "\u041d\u0438\u043a\u043e\u043c\u0443 \u043d\u0435 \u043b\u0435\u0433\u0447\u0435", "action_flag": 2, "change_message": "[{\"changed\": {\"fields\": [\"answer_for_reflection\"]}}, {\"added\": {\"name\": \"photo exhibit\", \"object\": \"PhotoExhibit object (33)\"}}, {\"deleted\": {\"name\": \"photo exhibit\", \"object\": \"PhotoExhibit object (None)\"}}]"}}, {"model": "admin.logentry", "pk": 86, "fields": {"action_time": "2023-08-31T16:50:25.156Z", "user": 1, "content_type": 2, "object_id": "4", "object_repr": "...\u043d\u043e \u0441\u043f\u0438|\u0421\u041c\u0418 \u0441\u043f\u043e\u043a\u043e\u0439\u043d\u043e", "action_flag": 2, "change_message": "[{\"changed\": {\"fields\": [\"question_end\"]}}]"}}, {"model": "admin.logentry", "pk": 87, "fields": {"action_time": "2023-08-31T16:50:30.090Z", "user": 1, "content_type": 2, "object_id": "3", "object_repr": "\u041d\u0435 \u0441 \u043a\u0435\u043c \u0438\u0433\u0440\u0430\u0442\u044c. \u0418\u0433\u0440\u0430\u044e \u0441\u043e \u0441\u0442\u0435\u043d\u043e\u0439", "action_flag": 2, "change_message": "[{\"changed\": {\"fields\": [\"question_end\"]}}]"}}, {"model": "admin.logentry", "pk": 88, "fields": {"action_time": "2023-08-31T16:50:56.331Z", "user": 1, "content_type": 2, "object_id": "2", "object_repr": "\u0420\u0443\u043a\u0438 \u0431\u044b \u0438\u043c \u0432\u0441\u0435\u043c \u043e\u0442\u043e\u0440\u0432\u0430\u0442\u044c", "action_flag": 2, "change_message": "[{\"changed\": {\"fields\": [\"question_end\"]}}]"}}, {"model": "admin.logentry", "pk": 89, "fields": {"action_time": "2023-08-31T16:51:00.427Z", "user": 1, "content_type": 2, "object_id": "2", "object_repr": "\u0420\u0443\u043a\u0438 \u0431\u044b \u0438\u043c \u0432\u0441\u0435\u043c \u043e\u0442\u043e\u0440\u0432\u0430\u0442\u044c", "action_flag": 2, "change_message": "[]"}}, {"model": "admin.logentry", "pk": 90, "fields": {"action_time": "2023-08-31T16:51:05.064Z", "user": 1, "content_type": 2, "object_id": "3", "object_repr": "\u041d\u0435 \u0441 \u043a\u0435\u043c \u0438\u0433\u0440\u0430\u0442\u044c. \u0418\u0433\u0440\u0430\u044e \u0441\u043e \u0441\u0442\u0435\u043d\u043e\u0439", "action_flag": 2, "change_message": "[{\"changed\": {\"fields\": [\"question_end\"]}}]"}}, {"model": "admin.logentry", "pk": 91, "fields": {"action_time": "2023-08-31T16:51:10.515Z", "user": 1, "content_type": 2, "object_id": "4", "object_repr": "...\u043d\u043e \u0441\u043f\u0438|\u0421\u041c\u0418 \u0441\u043f\u043e\u043a\u043e\u0439\u043d\u043e", "action_flag": 2, "change_message": "[{\"changed\": {\"fields\": [\"question_end\"]}}]"}}, {"model": "admin.logentry", "pk": 92, "fields": {"action_time": "2023-08-31T16:52:49.856Z", "user": 1, "content_type": 1, "object_id": "19", "object_repr": "\u041d\u0438\u043a\u043e\u043c\u0443 \u043d\u0435 \u043b\u0435\u0433\u0447\u0435", "action_flag": 2, "change_message": "[{\"added\": {\"name\": \"photo exhibit\", \"object\": \"PhotoExhibit object (34)\"}}, {\"deleted\": {\"name\": \"photo exhibit\", \"object\": \"PhotoExhibit object (None)\"}}]"}}, {"model": "admin.logentry", "pk": 93, "fields": {"action_time": "2023-08-31T16:53:07.438Z", "user": 1, "content_type": 1, "object_id": "13", "object_repr": "\u0418\u043b\u0438 \u0438\u043b\u0438", "action_flag": 2, "change_message": "[{\"added\": {\"name\": \"photo exhibit\", \"object\": \"PhotoExhibit object (35)\"}}, {\"deleted\": {\"name\": \"photo exhibit\", \"object\": \"PhotoExhibit object (None)\"}}]"}}, {"model": "admin.logentry", "pk": 94, "fields": {"action_time": "2023-08-31T16:53:30.471Z", "user": 1, "content_type": 1, "object_id": "4", "object_repr": "\u0421\u043f\u0443\u0442\u043d\u0438\u043a", "action_flag": 2, "change_message": "[{\"added\": {\"name\": \"photo exhibit\", \"object\": \"PhotoExhibit object (36)\"}}, {\"deleted\": {\"name\": \"photo exhibit\", \"object\": \"PhotoExhibit object (None)\"}}]"}}, {"model": "admin.logentry", "pk": 95, "fields": {"action_time": "2023-08-31T16:53:49.017Z", "user": 1, "content_type": 1, "object_id": "3", "object_repr": "\u042d\u043f\u043e\u0445\u0430 \u0440\u0430\u0437\u043e\u0440\u0435\u043d\u043d\u043e\u0439 \u043a\u0440\u0430\u0441\u043e\u0442\u044b", "action_flag": 2, "change_message": "[{\"added\": {\"name\": \"photo exhibit\", \"object\": \"PhotoExhibit object (37)\"}}, {\"deleted\": {\"name\": \"photo exhibit\", \"object\": \"PhotoExhibit object (None)\"}}]"}}, {"model": "admin.logentry", "pk": 96, "fields": {"action_time": "2023-08-31T16:54:08.975Z", "user": 1, "content_type": 1, "object_id": "3", "object_repr": "\u042d\u043f\u043e\u0445\u0430 \u0440\u0430\u0437\u043e\u0440\u0435\u043d\u043d\u043e\u0439 \u043a\u0440\u0430\u0441\u043e\u0442\u044b", "action_flag": 2, "change_message": "[{\"added\": {\"name\": \"photo exhibit\", \"object\": \"PhotoExhibit object (38)\"}}]"}}, {"model": "admin.logentry", "pk": 97, "fields": {"action_time": "2023-08-31T16:54:36.578Z", "user": 1, "content_type": 1, "object_id": "17", "object_repr": "\u0414\u0435\u0432\u0443\u0448\u043a\u0430", "action_flag": 2, "change_message": "[{\"added\": {\"name\": \"photo exhibit\", \"object\": \"PhotoExhibit object (39)\"}}, {\"added\": {\"name\": \"photo exhibit\", \"object\": \"PhotoExhibit object (40)\"}}, {\"deleted\": {\"name\": \"photo exhibit\", \"object\": \"PhotoExhibit object (None)\"}}, {\"deleted\": {\"name\": \"photo exhibit\", \"object\": \"PhotoExhibit object (None)\"}}]"}}, {"model": "admin.logentry", "pk": 98, "fields": {"action_time": "2023-08-31T16:54:53.331Z", "user": 1, "content_type": 1, "object_id": "11", "object_repr": "\u0411\u0435\u0437 \u043d\u0430\u0437\u0432\u0430\u043d\u0438\u044f", "action_flag": 2, "change_message": "[{\"added\": {\"name\": \"photo exhibit\", \"object\": \"PhotoExhibit object (41)\"}}, {\"deleted\": {\"name\": \"photo exhibit\", \"object\": \"PhotoExhibit object (None)\"}}]"}}, {"model": "admin.logentry", "pk": 99, "fields": {"action_time": "2023-08-31T17:10:16.319Z", "user": 1, "content_type": 2, "object_id": "4", "object_repr": "...\u043d\u043e \u0441\u043f\u0438|\u0421\u041c\u0418 \u0441\u043f\u043e\u043a\u043e\u0439\u043d\u043e", "action_flag": 2, "change_message": "[{\"changed\": {\"fields\": [\"question_end\"]}}]"}}, {"model": "admin.logentry", "pk": 100, "fields": {"action_time": "2023-08-31T17:10:44.582Z", "user": 1, "content_type": 2, "object_id": "3", "object_repr": "\u041d\u0435 \u0441 \u043a\u0435\u043c \u0438\u0433\u0440\u0430\u0442\u044c. \u0418\u0433\u0440\u0430\u044e \u0441\u043e \u0441\u0442\u0435\u043d\u043e\u0439", "action_flag": 2, "change_message": "[{\"changed\": {\"fields\": [\"question_end\"]}}]"}}, {"model": "admin.logentry", "pk": 101, "fields": {"action_time": "2023-08-31T17:10:51.768Z", "user": 1, "content_type": 2, "object_id": "2", "object_repr": "\u0420\u0443\u043a\u0438 \u0431\u044b \u0438\u043c \u0432\u0441\u0435\u043c \u043e\u0442\u043e\u0440\u0432\u0430\u0442\u044c", "action_flag": 2, "change_message": "[{\"changed\": {\"fields\": [\"question_end\"]}}]"}}, {"model": "admin.logentry", "pk": 102, "fields": {"action_time": "2023-08-31T19:21:22.972Z", "user": 1, "content_type": 1, "object_id": "11", "object_repr": "\u0411\u0435\u0437 \u043d\u0430\u0437\u0432\u0430\u043d\u0438\u044f", "action_flag": 2, "change_message": "[{\"changed\": {\"name\": \"photo exhibit\", \"object\": \"PhotoExhibit object (41)\", \"fields\": [\"photo\"]}}]"}}, {"model": "admin.logentry", "pk": 103, "fields": {"action_time": "2023-08-31T19:30:17.055Z", "user": 1, "content_type": 1, "object_id": "27", "object_repr": "\u0426\u0432\u0435\u0442\u044b", "action_flag": 2, "change_message": "[{\"changed\": {\"name\": \"photo exhibit\", \"object\": \"PhotoExhibit object (31)\", \"fields\": [\"photo\"]}}]"}}, {"model": "admin.logentry", "pk": 104, "fields": {"action_time": "2023-08-31T19:32:36.125Z", "user": 1, "content_type": 1, "object_id": "24", "object_repr": "\u0412\u0437\u0440\u043e\u0441\u043b\u043e\u0441\u0442\u044c", "action_flag": 2, "change_message": "[{\"changed\": {\"name\": \"photo exhibit\", \"object\": \"PhotoExhibit object (27)\", \"fields\": [\"photo\"]}}]"}}, {"model": "admin.logentry", "pk": 105, "fields": {"action_time": "2023-08-31T19:35:40.281Z", "user": 1, "content_type": 1, "object_id": "21", "object_repr": "\u0421\u043f\u043e\u0442 \u043d\u0430 \u0423\u043d\u0438\u0432\u0435\u0440\u0441\u0438\u0442\u0435\u0442\u0441\u043a\u043e\u043c", "action_flag": 2, "change_message": "[{\"changed\": {\"name\": \"photo exhibit\", \"object\": \"PhotoExhibit object (32)\", \"fields\": [\"photo\"]}}]"}}, {"model": "admin.logentry", "pk": 106, "fields": {"action_time": "2023-08-31T19:36:45.162Z", "user": 1, "content_type": 1, "object_id": "19", "object_repr": "\u041d\u0438\u043a\u043e\u043c\u0443 \u043d\u0435 \u043b\u0435\u0433\u0447\u0435", "action_flag": 2, "change_message": "[{\"changed\": {\"name\": \"photo exhibit\", \"object\": \"PhotoExhibit object (34)\", \"fields\": [\"photo\"]}}]"}}, {"model": "admin.logentry", "pk": 107, "fields": {"action_time": "2023-08-31T19:37:49.509Z", "user": 1, "content_type": 1, "object_id": "18", "object_repr": "\u0411\u0435\u0437 \u043d\u0430\u0437\u0432\u0430\u043d\u0438\u044f", "action_flag": 2, "change_message": "[{\"changed\": {\"name\": \"photo exhibit\", \"object\": \"PhotoExhibit object (30)\", \"fields\": [\"photo\"]}}]"}}, {"model": "admin.logentry", "pk": 108, "fields": {"action_time": "2023-08-31T19:39:38.157Z", "user": 1, "content_type": 1, "object_id": "17", "object_repr": "\u0414\u0435\u0432\u0443\u0448\u043a\u0430", "action_flag": 2, "change_message": "[{\"changed\": {\"name\": \"photo exhibit\", \"object\": \"PhotoExhibit object (39)\", \"fields\": [\"photo\"]}}, {\"changed\": {\"name\": \"photo exhibit\", \"object\": \"PhotoExhibit object (40)\", \"fields\": [\"photo\"]}}]"}}, {"model": "admin.logentry", "pk": 109, "fields": {"action_time": "2023-08-31T19:40:56.564Z", "user": 1, "content_type": 1, "object_id": "14", "object_repr": "\u041a\u0432\u0430\u0440\u0442\u0435\u0442", "action_flag": 2, "change_message": "[{\"changed\": {\"name\": \"photo exhibit\", \"object\": \"PhotoExhibit object (16)\", \"fields\": [\"photo\"]}}]"}}, {"model": "admin.logentry", "pk": 110, "fields": {"action_time": "2023-08-31T19:41:30.370Z", "user": 1, "content_type": 1, "object_id": "13", "object_repr": "\u0418\u043b\u0438 \u0438\u043b\u0438", "action_flag": 2, "change_message": "[{\"changed\": {\"name\": \"photo exhibit\", \"object\": \"PhotoExhibit object (35)\", \"fields\": [\"photo\"]}}]"}}, {"model": "admin.logentry", "pk": 111, "fields": {"action_time": "2023-08-31T19:43:06.299Z", "user": 1, "content_type": 1, "object_id": "11", "object_repr": "\u0411\u0435\u0437 \u043d\u0430\u0437\u0432\u0430\u043d\u0438\u044f", "action_flag": 2, "change_message": "[{\"changed\": {\"name\": \"photo exhibit\", \"object\": \"PhotoExhibit object (41)\", \"fields\": [\"photo\"]}}]"}}, {"model": "admin.logentry", "pk": 112, "fields": {"action_time": "2023-08-31T19:44:32.022Z", "user": 1, "content_type": 1, "object_id": "8", "object_repr": "\u0425\u043e\u0440\u043e\u0448\u043e\u0433\u0440", "action_flag": 2, "change_message": "[{\"changed\": {\"name\": \"photo exhibit\", \"object\": \"PhotoExhibit object (10)\", \"fields\": [\"photo\"]}}]"}}, {"model": "admin.logentry", "pk": 113, "fields": {"action_time": "2023-08-31T19:45:03.149Z", "user": 1, "content_type": 1, "object_id": "7", "object_repr": "\u0425\u043e\u0440\u043e\u0432\u043e\u0434", "action_flag": 2, "change_message": "[{\"changed\": {\"name\": \"photo exhibit\", \"object\": \"PhotoExhibit object (9)\", \"fields\": [\"photo\"]}}]"}}, {"model": "admin.logentry", "pk": 114, "fields": {"action_time": "2023-08-31T19:45:32.940Z", "user": 1, "content_type": 1, "object_id": "6", "object_repr": "\u0422\u0438\u0433\u0440", "action_flag": 2, "change_message": "[{\"changed\": {\"name\": \"photo exhibit\", \"object\": \"PhotoExhibit object (8)\", \"fields\": [\"photo\"]}}]"}}, {"model": "admin.logentry", "pk": 115, "fields": {"action_time": "2023-08-31T19:46:02.758Z", "user": 1, "content_type": 1, "object_id": "5", "object_repr": "\u041f\u043e\u0434\u043e\u0440\u043e\u0436\u043d\u0438\u043a", "action_flag": 2, "change_message": "[{\"changed\": {\"name\": \"photo exhibit\", \"object\": \"PhotoExhibit object (7)\", \"fields\": [\"photo\"]}}]"}}, {"model": "admin.logentry", "pk": 116, "fields": {"action_time": "2023-08-31T19:46:35.970Z", "user": 1, "content_type": 1, "object_id": "4", "object_repr": "\u0421\u043f\u0443\u0442\u043d\u0438\u043a", "action_flag": 2, "change_message": "[{\"changed\": {\"name\": \"photo exhibit\", \"object\": \"PhotoExhibit object (36)\", \"fields\": [\"photo\"]}}]"}}, {"model": "admin.logentry", "pk": 117, "fields": {"action_time": "2023-08-31T19:48:08.206Z", "user": 1, "content_type": 1, "object_id": "3", "object_repr": "\u042d\u043f\u043e\u0445\u0430 \u0440\u0430\u0437\u043e\u0440\u0435\u043d\u043d\u043e\u0439 \u043a\u0440\u0430\u0441\u043e\u0442\u044b", "action_flag": 2, "change_message": "[{\"added\": {\"name\": \"photo exhibit\", \"object\": \"PhotoExhibit object (42)\"}}, {\"changed\": {\"name\": \"photo exhibit\", \"object\": \"PhotoExhibit object (37)\", \"fields\": [\"photo\"]}}, {\"changed\": {\"name\": \"photo exhibit\", \"object\": \"PhotoExhibit object (38)\", \"fields\": [\"photo\"]}}]"}}, {"model": "admin.logentry", "pk": 118, "fields": {"action_time": "2023-08-31T20:29:39.497Z", "user": 1, "content_type": 1, "object_id": "23", "object_repr": "\u0417\u0430\u043a\u0440\u043e\u0439 \u0433\u043b\u0430\u0437\u0430 \u2014 \u043e\u0442\u043a\u0440\u043e\u0439 \u0441\u0432\u043e\u0451", "action_flag": 2, "change_message": "[{\"changed\": {\"name\": \"description exhibit\", \"object\": \"DescriptionExhibit object (35)\", \"fields\": [\"text\"]}}]"}}, {"model": "admin.logentry", "pk": 119, "fields": {"action_time": "2023-08-31T20:35:13.746Z", "user": 1, "content_type": 1, "object_id": "18", "object_repr": "\u0411\u0435\u0437 \u043d\u0430\u0437\u0432\u0430\u043d\u0438\u044f", "action_flag": 2, "change_message": "[{\"changed\": {\"name\": \"photo exhibit\", \"object\": \"PhotoExhibit object (30)\", \"fields\": [\"photo\"]}}]"}}, {"model": "admin.logentry", "pk": 120, "fields": {"action_time": "2023-08-31T20:37:15.261Z", "user": 1, "content_type": 1, "object_id": "19", "object_repr": "\u041d\u0438\u043a\u043e\u043c\u0443 \u043d\u0435 \u043b\u0435\u0433\u0447\u0435", "action_flag": 2, "change_message": "[{\"changed\": {\"name\": \"photo exhibit\", \"object\": \"PhotoExhibit object (34)\", \"fields\": [\"photo\"]}}]"}}, {"model": "admin.logentry", "pk": 121, "fields": {"action_time": "2023-08-31T20:40:10.774Z", "user": 1, "content_type": 1, "object_id": "23", "object_repr": "\u0417\u0430\u043a\u0440\u043e\u0439 \u0433\u043b\u0430\u0437\u0430 \u2014 \u043e\u0442\u043a\u0440\u043e\u0439 \u0441\u0432\u043e\u0451", "action_flag": 2, "change_message": "[{\"changed\": {\"name\": \"description exhibit\", \"object\": \"DescriptionExhibit object (35)\", \"fields\": [\"text\"]}}]"}}, {"model": "admin.logentry", "pk": 122, "fields": {"action_time": "2023-08-31T20:51:35.171Z", "user": 1, "content_type": 1, "object_id": "3", "object_repr": "\u042d\u043f\u043e\u0445\u0430 \u0440\u0430\u0437\u043e\u0440\u0435\u043d\u043d\u043e\u0439 \u043a\u0440\u0430\u0441\u043e\u0442\u044b", "action_flag": 2, "change_message": "[{\"changed\": {\"name\": \"photo exhibit\", \"object\": \"PhotoExhibit object (42)\", \"fields\": [\"photo\"]}}]"}}, {"model": "admin.logentry", "pk": 123, "fields": {"action_time": "2023-08-31T20:51:52.368Z", "user": 1, "content_type": 1, "object_id": "3", "object_repr": "\u042d\u043f\u043e\u0445\u0430 \u0440\u0430\u0437\u043e\u0440\u0435\u043d\u043d\u043e\u0439 \u043a\u0440\u0430\u0441\u043e\u0442\u044b", "action_flag": 2, "change_message": "[{\"deleted\": {\"name\": \"photo exhibit\", \"object\": \"PhotoExhibit object (None)\"}}, {\"deleted\": {\"name\": \"photo exhibit\", \"object\": \"PhotoExhibit object (None)\"}}, {\"deleted\": {\"name\": \"photo exhibit\", \"object\": \"PhotoExhibit object (None)\"}}]"}}, {"model": "admin.logentry", "pk": 124, "fields": {"action_time": "2023-08-31T20:52:15.371Z", "user": 1, "content_type": 1, "object_id": "3", "object_repr": "\u042d\u043f\u043e\u0445\u0430 \u0440\u0430\u0437\u043e\u0440\u0435\u043d\u043d\u043e\u0439 \u043a\u0440\u0430\u0441\u043e\u0442\u044b", "action_flag": 2, "change_message": "[{\"added\": {\"name\": \"photo exhibit\", \"object\": \"PhotoExhibit object (43)\"}}]"}}]